"id";"political_orientation_t2";"swls_1_t2";"swls_2_t2";"swls_3_t2";"swls_4_t2";"swls_5_t2";"uls_1_t2";"uls_2_t2";"uls_3_t2";"uls_4_t2";"uls_5_t2";"uls_6_t2";"uls_7_t2";"uls_8_t2";"uls_9_t2";"awb_1_t2";"awb_2_t2";"awb_3_t2";"awb_4_t2";"awb_5_t2";"awb_6_t2";"ksa_1_t2";"ksa_2_t2";"ksa_3_t2"
"FA20_01GGS494K9QA";7;3;7;3;2;3;3;2;4;3;4;2;3;2;1;3;5;3;3;2;2;2;2;1
"FA20_02IYYIRNC5WN";4;5;6;6;6;4;1;3;4;2;4;4;4;3;3;2;4;4;2;3;2;4;2;3
"FA20_057L052NRXLM";6;2;1;3;5;2;3;2;3;3;3;2;3;3;3;4;4;5;5;2;3;1;1;1
"FA20_06Y7734Z99S2";4;2;5;2;2;7;4;3;3;3;4;3;3;3;4;3;5;4;4;3;2;2;2;3
"FA20_07JUEFFUWBIG";4;3;5;4;3;4;3;3;3;3;2;2;3;2;3;1;3;2;4;3;2;3;3;3
"FA20_099DSJXP660I";7;4;7;3;5;3;4;3;1;3;1;2;2;3;1;4;5;5;3;4;2;1;1;3
"FA20_09P025YG7BY0";3;5;6;7;6;1;2;4;4;2;4;4;4;2;3;2;2;4;1;3;3;5;2;1
"FA20_0CQ277AQDRLV";6;2;3;2;5;4;4;3;4;3;4;3;3;3;4;3;4;3;5;3;2;2;1;3
"FA20_0CZU6GPE47MH";2;2;4;3;2;3;4;2;2;3;2;2;2;3;3;2;3;2;3;2;3;3;3;4
"FA20_0DERWF0FWF3R";6;1;1;1;1;1;3;2;3;4;2;3;3;4;3;5;5;4;5;2;1;1;1;1
"FA20_0EWERGFB6SBT";5;3;2;4;3;3;2;3;4;2;3;2;3;2;3;2;2;3;1;3;3;2;3;3
"FA20_0F3JKU6YQ2LB";5;5;5;5;6;5;3;3;3;3;3;3;3;3;4;4;4;4;4;3;4;2;2;1
"FA20_0GN5N1TAG1XZ";4;6;7;7;7;6;4;4;4;2;4;3;3;1;3;1;1;5;2;4;5;1;3;3
"FA20_0IPMVR7EY772";6;2;2;2;2;3;4;2;2;4;3;2;3;3;1;3;4;2;3;1;3;3;4;3
"FA20_0IVRD2QPWXI2";5;4;6;5;7;5;3;3;3;3;3;3;3;3;3;1;2;4;2;2;2;1;3;4
"FA20_0KJDE7G10W70";5;6;6;6;6;6;2;4;4;2;4;4;4;2;3;2;3;5;1;4;2;2;3;3
"FA20_0M1HIL0IRGSX";4;6;6;6;7;5;3;2;3;4;4;3;3;4;2;2;3;4;3;4;2;3;3;3
"FA20_0ME93O1LSDR2";6;5;5;3;6;2;4;4;4;2;4;3;4;1;4;2;3;3;3;2;2;2;3;1
"FA20_0MKHHGE0CE9G";2;4;5;4;3;6;3;3;3;3;3;3;3;3;3;1;5;2;3;3;3;2;3;3
"FA20_0MZ8EKJ09FJC";6;4;3;4;4;4;3;2;2;3;1;2;3;3;2;3;2;2;4;1;3;3;2;1
"FA20_0ODH4SBSYB5M";7;3;5;3;6;1;4;3;2;4;2;3;2;4;3;1;3;3;2;1;4;2;1;1
"FA20_0P728JF6W68K";6;2;2;6;3;4;3;2;3;2;3;3;3;2;3;3;4;2;2;1;2;2;4;2
"FA20_0QJ7VRRGCE33";6;4;5;3;5;3;4;3;4;2;4;3;3;3;4;2;2;4;2;3;2;2;2;3
"FA20_0QJX4YSAUWPF";3;7;6;7;6;7;3;4;4;2;4;4;4;2;4;1;1;4;1;3;5;3;3;5
"FA20_0XUWBA31XKXQ";6;2;3;1;1;2;4;3;2;4;3;3;3;4;2;2;5;2;5;2;1;4;2;4
"FA20_0Z3OF7UAQMZB";3;5;5;6;5;4;2;4;4;2;4;4;4;1;4;2;1;4;1;4;4;3;2;2
"FA20_0ZF990936TO8";5;5;5;5;6;2;4;3;3;3;2;3;3;3;2;2;4;3;3;2;2;4;4;2
"FA20_11G699LZZFCO";6;1;4;2;2;2;4;3;2;4;3;3;3;4;2;2;5;2;5;2;2;2;1;1
"FA20_12GTK3PVGKNB";5;6;2;7;7;5;1;4;4;3;4;4;4;2;4;1;1;5;3;4;5;1;3;4
"FA20_15XHSJL6ZMQ9";6;6;7;7;7;5;3;4;4;3;4;4;4;3;4;3;4;3;3;3;2;1;4;3
"FA20_17TIWYV8Q4A1";6;3;5;4;5;2;3;3;4;3;4;3;3;3;3;1;3;2;3;2;2;2;3;1
"FA20_1878NBZRBGH5";6;5;6;6;6;2;3;2;3;3;3;3;3;3;2;4;5;5;5;3;3;2;2;2
"FA20_18FIRLUJFT4I";6;2;3;3;5;3;3;3;3;3;3;4;3;3;4;2;5;3;2;2;2;2;3;2
"FA20_190716ULGHJ8";4;4;5;6;4;5;2;4;4;1;4;4;4;1;4;1;2;4;1;3;4;2;1;3
"FA20_193U9EJ81CXU";6;3;3;5;5;3;2;3;4;2;4;3;4;1;4;2;4;3;2;1;3;2;2;2
"FA20_1984EBYSK07A";6;1;3;5;4;2;3;3;4;3;4;4;4;3;4;1;5;3;3;3;2;2;2;3
"FA20_19AFKNN3LB92";5;5;5;5;5;3;3;3;3;2;3;4;3;2;3;3;5;4;2;2;3;2;3;2
"FA20_1AJ8KNEWTVZZ";5;2;6;5;3;4;3;3;3;3;3;3;3;3;3;1;2;3;2;2;3;3;3;2
"FA20_1AQ4PRUN0HNH";5;6;6;6;6;3;1;4;4;2;4;4;4;4;4;1;5;4;3;2;1;3;2;1
"FA20_1CGNKQZ5JGPS";6;6;5;7;5;5;2;4;4;1;4;4;4;2;3;2;3;5;2;5;4;2;1;2
"FA20_1CT1IHMU8IGH";4;4;4;6;4;4;2;4;4;2;4;4;3;2;4;1;3;4;1;2;2;3;2;2
"FA20_1CWLMO6WDJQH";NA;6;6;6;7;5;2;4;4;2;4;3;4;3;4;3;4;5;4;3;4;2;2;1
"FA20_1FS82D2KKGZR";6;5;5;5;5;3;2;2;3;2;3;2;3;2;1;2;2;4;1;1;3;1;1;2
"FA20_1H1OKAT77FZE";7;6;7;7;7;7;3;4;4;3;4;4;4;2;2;1;2;5;2;4;4;1;2;1
"FA20_1HCM9SEFIRTT";6;5;5;5;3;2;4;3;2;4;2;2;2;4;3;1;4;3;3;3;1;2;2;3
"FA20_1HL368UYQU2Q";4;5;6;6;5;3;4;3;3;2;3;3;3;2;3;2;3;2;3;2;3;4;3;3
"FA20_1J29548C567K";6;2;4;2;2;2;3;2;3;3;2;3;3;2;4;2;3;3;2;2;4;3;3;2
"FA20_1JDDLHMVB4ML";2;6;6;6;6;6;2;4;4;1;4;4;3;1;4;1;2;5;1;4;3;3;2;4
"FA20_1JYLDC6YTVSD";6;4;5;7;6;6;2;4;4;2;4;4;4;1;4;1;3;5;1;4;3;2;2;3
"FA20_1L2HFGGYW98L";4;5;3;6;3;4;2;4;4;2;4;3;4;2;4;1;3;5;1;5;5;3;2;2
"FA20_1LW561SDY10I";7;4;5;6;6;3;4;3;3;3;3;3;3;3;3;1;2;3;3;3;2;1;1;1
"FA20_1MZWR5IZFSMX";5;3;4;1;4;3;3;2;3;3;3;2;2;3;2;3;5;3;3;2;1;3;2;2
"FA20_1RVSM5GCVVGM";4;3;5;3;3;4;3;3;2;4;2;3;2;4;3;2;3;3;3;4;4;3;3;3
"FA20_1T2A1N4L2PJ7";4;2;3;3;3;5;3;3;3;2;3;3;3;2;3;5;5;3;4;2;3;1;2;1
"FA20_1TBYODQK130K";6;2;5;3;3;2;3;3;3;3;4;3;3;4;2;1;4;2;2;1;1;2;2;2
"FA20_1Y91NEDKRAM0";6;2;2;3;6;2;3;3;3;4;3;3;2;4;3;1;3;2;3;1;3;3;2;3
"FA20_222QGWUKY33Y";NA;2;3;3;4;6;2;3;3;2;4;3;3;4;3;3;5;4;4;4;1;NA;NA;NA
"FA20_230YTD0G6P3M";6;4;4;5;3;3;4;3;4;3;3;3;3;3;4;1;3;3;1;3;1;1;1;1
"FA20_23EEO07TFNXZ";5;5;5;6;5;2;2;3;4;3;4;3;4;3;3;2;4;5;3;4;5;2;3;3
"FA20_241JGPZFPSRT";4;4;5;6;6;2;3;4;4;4;3;4;4;3;2;2;4;2;3;2;1;2;1;1
"FA20_262M5PN3PILW";6;5;6;6;6;3;3;4;4;3;2;2;4;2;3;1;3;4;3;4;4;2;2;4
"FA20_27HB5HL37Z2G";5;4;4;4;4;3;2;3;4;2;4;3;3;3;4;1;2;5;2;5;3;3;1;3
"FA20_2AD97L0WAD94";3;6;5;6;6;7;2;3;3;2;3;3;3;3;3;1;2;4;1;4;3;3;3;4
"FA20_2AT2LY5G5UB1";4;5;6;5;6;5;4;3;2;4;1;3;3;3;3;1;5;2;3;4;5;3;1;3
"FA20_2E8VV9OTOTHB";4;5;6;5;3;5;2;4;4;3;4;3;4;3;3;2;3;4;3;3;4;3;3;3
"FA20_2G6MVH3F3JO4";3;4;5;5;4;6;3;4;4;2;3;4;3;2;3;2;3;4;2;3;3;2;3;2
"FA20_2GJA2PN665E6";5;5;5;6;5;5;2;4;4;2;4;3;3;2;4;1;4;4;2;3;2;3;2;3
"FA20_2ISFC50E04CO";2;5;5;6;5;3;3;4;4;2;3;3;4;2;3;1;2;5;2;4;2;3;3;2
"FA20_2J8LI6S9I6ZA";4;4;5;6;7;7;3;2;2;3;2;3;2;4;3;1;3;1;2;1;1;3;4;4
"FA20_2JD4VI4Z1GUK";5;3;5;4;5;4;4;3;3;2;4;3;3;2;1;1;3;3;2;2;3;2;3;3
"FA20_2KC5UV3YM6YC";5;3;3;2;6;6;1;4;4;2;4;4;4;2;4;1;3;5;2;1;2;1;1;1
"FA20_2NNCB8CH28S6";5;5;6;3;5;2;4;3;4;3;4;2;3;3;1;1;5;2;4;3;2;2;1;1
"FA20_2NY4QTF1SDIX";7;2;6;2;3;2;4;3;2;4;3;2;1;3;3;2;3;3;3;2;2;2;2;2
"FA20_2ORSMDIINHQB";5;4;5;5;5;5;3;3;3;3;3;3;3;2;3;2;3;2;1;1;2;1;2;2
"FA20_2OYTJ60D2K3L";7;4;4;4;4;1;4;1;1;4;1;1;1;4;1;5;2;1;4;1;1;1;1;1
"FA20_2P6XNAAOIG4L";4;5;3;6;6;3;3;3;3;3;3;2;3;3;2;2;1;5;3;3;4;1;1;1
"FA20_2QBORZDU2NL7";2;6;6;7;5;5;2;3;4;2;4;4;3;2;4;1;1;5;1;4;5;3;4;2
"FA20_2S0E1CRZR8GH";7;2;5;6;2;4;4;2;4;4;4;2;2;3;3;4;5;3;2;5;2;4;3;3
"FA20_2SMURZTU0GEE";4;4;6;4;4;2;3;3;4;3;4;3;3;2;3;1;3;4;1;4;3;2;3;2
"FA20_2TSBPAE5HQ72";6;5;6;7;5;7;2;4;4;2;4;4;4;2;4;1;3;5;3;5;4;1;3;1
"FA20_2WFOQHP1C6D8";5;4;4;5;3;6;2;4;3;1;4;4;4;2;4;1;5;4;4;4;4;3;3;3
"FA20_2YLZWYF9DPN4";5;2;2;4;5;5;4;2;2;4;2;2;2;4;3;2;2;3;5;4;1;2;1;2
"FA20_2ZYL9N1K5768";5;5;5;6;6;6;3;3;4;2;4;4;3;3;3;3;5;5;4;3;3;1;2;2
"FA20_32UVJIK1ZDTQ";6;5;4;5;5;6;1;3;4;3;4;4;4;2;3;3;3;5;2;4;3;3;3;2
"FA20_35JWI6KTT7IM";NA;NA;NA;NA;NA;NA;NA;NA;NA;NA;NA;NA;NA;NA;NA;NA;NA;NA;NA;NA;NA;NA;NA;NA
"FA20_35P3LIF5GLVM";6;5;7;6;5;4;3;3;3;3;2;3;4;3;3;3;4;4;3;4;2;3;3;1
"FA20_35QXODH78SNR";3;6;7;7;6;4;2;4;4;3;3;2;3;3;2;2;4;4;3;3;2;2;4;3
"FA20_362PUZTGJK5Z";6;2;3;1;1;1;2;3;3;3;3;3;3;2;3;2;4;4;2;3;3;1;1;4
"FA20_383EBSWQ9ZKS";6;2;2;2;2;1;1;2;3;3;3;3;3;3;2;1;4;3;5;3;3;3;1;3
"FA20_384GRHI7DP82";5;5;5;4;5;4;1;3;4;3;4;4;3;2;3;1;2;3;3;2;2;1;2;3
"FA20_388BSNJLGFAJ";4;5;6;6;7;5;2;4;4;2;4;3;3;2;4;1;1;5;3;4;4;2;3;3
"FA20_391KS20NQZMB";4;5;4;4;2;2;2;3;3;3;3;3;3;3;3;3;4;4;4;4;4;2;2;3
"FA20_39FQ13QICMPI";4;2;2;5;5;4;3;3;2;3;2;3;3;3;2;1;5;3;3;3;2;3;2;2
"FA20_3AMGCZA34BHI";4;5;6;6;6;5;2;1;4;2;4;4;4;2;3;1;2;5;1;4;4;2;3;2
"FA20_3BBJ7S6L9E84";5;5;6;7;4;2;2;4;4;3;4;4;3;2;3;1;1;5;1;4;2;1;3;3
"FA20_3CHK0U1YAZOE";2;2;5;5;5;3;2;3;4;3;4;3;3;3;2;2;4;4;3;3;2;2;2;2
"FA20_3F8ENL5W6EL7";6;3;6;6;5;3;3;3;3;3;3;3;3;3;3;1;3;3;2;2;3;2;1;1
"FA20_3FVB6E6CF9UT";5;4;4;4;4;2;4;3;3;4;3;3;3;3;3;2;4;3;2;2;3;3;3;2
"FA20_3HJYZSR9O8HL";3;2;6;3;2;2;3;4;2;2;2;3;3;3;4;1;2;2;3;1;4;3;3;2
"FA20_3I70BU3T4TXL";5;5;6;6;6;7;2;2;4;3;4;3;3;3;3;2;5;3;2;3;3;2;2;3
"FA20_3JDIWRR595H8";5;3;6;3;4;1;4;3;4;2;3;3;3;2;4;2;4;4;2;2;3;4;3;3
"FA20_3JPQFBBBG4UC";5;5;5;5;3;1;2;4;4;2;4;3;3;1;4;1;2;3;1;3;4;2;3;1
"FA20_3KF7994VZE4U";5;4;3;3;2;6;3;3;3;3;3;3;3;3;3;3;4;3;3;2;2;3;3;4
"FA20_3L9S10DEQN30";4;5;6;6;6;3;2;3;4;2;4;3;4;2;2;2;3;5;2;3;4;2;2;3
"FA20_3M60RK7VPRS9";4;2;7;2;2;2;2;4;4;3;4;3;3;3;3;2;4;4;2;3;2;4;1;4
"FA20_3MGF1WUKKZX6";7;2;2;2;5;3;1;2;3;2;4;2;2;3;3;3;4;2;3;3;3;2;1;1
"FA20_3OBP2KUVFP2K";2;2;2;2;2;2;4;3;3;3;3;3;3;2;3;2;3;3;2;2;4;2;3;3
"FA20_3POP0B2CNLFH";4;3;4;5;2;6;3;2;2;3;3;2;3;2;3;1;1;4;1;3;2;3;2;3
"FA20_3Q4B1L378WX5";5;5;6;6;6;6;3;3;4;2;3;3;3;2;3;2;2;4;2;3;3;2;2;3
"FA20_3R4GFERH2ZKT";4;1;6;6;4;4;1;4;4;1;4;4;4;1;4;3;4;5;2;4;2;2;1;1
"FA20_3RFS3601F107";6;4;5;5;4;2;4;2;2;1;2;3;2;4;2;1;2;2;2;1;2;2;2;1
"FA20_3RKDR0KF64YX";6;4;4;3;6;5;2;4;4;2;4;4;4;3;4;2;5;5;3;3;3;2;2;2
"FA20_3TP97VFVUXGY";6;6;5;5;4;6;2;4;4;2;4;3;4;1;3;2;3;4;2;3;3;3;2;3
"FA20_3X1W2OJ8YINS";7;2;2;2;4;2;4;1;3;4;2;1;2;4;2;2;3;3;4;1;3;2;2;2
"FA20_3YOO4QIN23SF";5;1;2;4;5;4;3;4;4;2;4;3;3;2;4;2;3;5;1;3;3;1;3;3
"FA20_3ZYQYUHP9NR1";7;4;2;3;3;3;2;4;4;3;4;4;4;2;4;2;5;5;3;3;1;3;2;2
"FA20_40B6HLDKY70U";7;1;1;4;5;1;4;3;2;4;4;2;3;3;2;4;4;2;5;3;3;1;1;3
"FA20_41CVDUG41HMA";6;5;6;6;6;5;2;3;3;2;3;3;3;3;3;1;3;3;2;3;3;2;2;3
"FA20_46IGW86RHFL3";7;4;5;4;5;3;3;3;4;3;4;4;4;3;4;2;3;4;2;4;3;2;1;1
"FA20_473ZG0IHVF03";6;6;6;6;6;5;3;3;3;3;3;3;3;4;3;2;3;3;4;2;5;4;3;4
"FA20_47IJJFSX6OFS";5;5;5;5;5;5;3;4;4;3;4;3;3;3;4;1;3;4;2;3;4;3;2;2
"FA20_49Y4JBJRFAQB";6;1;3;2;3;1;1;4;4;1;4;3;3;3;4;1;1;3;1;1;5;1;5;1
"FA20_4B0FU6A7E9FA";5;3;6;5;5;5;1;4;4;2;3;3;3;2;4;1;1;5;2;3;4;3;3;3
"FA20_4BALTE5LBSZS";6;4;3;3;4;5;2;3;3;3;4;4;3;2;4;1;3;3;2;4;3;1;2;3
"FA20_4FJIBAP979P4";6;5;4;7;7;7;2;4;4;2;4;4;4;1;4;1;4;5;1;5;2;4;3;3
"FA20_4JJPW7COG34M";3;5;5;5;2;5;3;3;4;2;4;3;4;2;4;1;3;3;1;3;3;2;2;2
"FA20_4L4K08HG6Z4N";5;6;6;6;6;3;4;3;3;3;3;2;3;3;3;3;2;4;3;5;3;3;1;1
"FA20_4N4QJHCFYM6L";3;3;6;4;5;2;4;3;3;3;2;3;3;3;2;1;3;3;2;1;2;3;2;2
"FA20_4O8TWAY5VZKB";2;5;6;6;6;4;3;2;2;3;3;2;3;3;3;3;3;5;2;2;2;2;1;4
"FA20_4OJFZ518JSW1";6;7;7;7;6;5;3;4;4;2;4;3;4;2;4;1;2;5;2;4;1;1;2;1
"FA20_4P9VLEDMUDPN";5;2;5;3;4;1;4;3;3;4;2;2;3;4;3;2;3;3;2;1;5;3;1;2
"FA20_4RWYQ0J1DQDV";6;5;5;5;3;3;3;2;3;4;3;2;2;3;2;2;2;3;5;2;1;2;2;1
"FA20_4S7A0G3ERS41";7;5;5;5;3;5;3;4;4;2;4;3;4;2;4;2;5;4;2;3;3;1;2;2
"FA20_4SCL9RQOX81R";6;6;5;6;6;4;3;3;3;4;3;3;3;4;4;2;3;3;2;3;3;2;2;1
"FA20_4STMQIZ8Y75F";4;6;5;6;6;5;2;3;4;3;3;3;3;3;4;2;2;5;2;4;2;3;2;5
"FA20_4TRXG07D20RS";6;3;4;3;5;3;2;4;3;2;4;3;4;2;4;1;5;5;2;5;2;2;3;3
"FA20_4UUD2SSDBH98";2;5;6;6;5;1;2;4;4;2;4;4;4;3;4;2;1;4;2;3;2;3;3;3
"FA20_4XN4G1RRUX28";5;4;4;5;5;4;1;3;3;3;3;2;2;4;3;2;5;3;4;2;2;2;3;4
"FA20_4ZTCU4HQFR8E";6;5;5;5;4;4;2;3;3;2;3;3;3;2;4;3;4;4;4;2;2;2;2;2
"FA20_505NY1MTKZ34";7;2;3;5;3;3;4;3;4;2;4;4;4;2;4;1;4;3;4;3;3;2;1;1
"FA20_50ZOXB7K0HHZ";4;5;5;5;5;5;3;3;3;3;3;2;3;3;2;3;3;2;3;2;1;4;1;3
"FA20_5231MCDSUGBA";5;1;3;2;1;2;3;3;3;3;4;3;2;3;2;2;5;4;4;2;3;1;3;1
"FA20_542LNPOBACIQ";4;3;3;3;5;7;3;4;4;2;4;3;4;3;4;3;3;3;4;1;2;1;2;4
"FA20_56FS6YVGWNC6";7;5;6;5;5;3;3;3;3;3;3;3;3;3;2;2;3;4;4;3;3;2;2;2
"FA20_56OKHEJHYIRD";5;4;4;6;5;5;1;4;4;2;4;3;4;1;4;2;2;5;2;5;3;3;2;3
"FA20_57T9BJY64MXQ";5;5;6;3;2;2;3;3;4;2;3;3;3;3;4;2;4;3;3;3;3;2;3;1
"FA20_59VX2M5LAQV8";6;5;2;4;5;1;4;3;3;3;2;2;2;4;3;1;3;3;4;4;4;4;1;5
"FA20_5ADZITPEMS0W";6;5;6;4;6;5;2;3;4;2;4;3;4;2;3;1;3;4;1;3;3;1;2;1
"FA20_5DH0P93R4EH5";4;3;3;3;2;1;3;2;3;3;3;3;2;3;3;3;5;1;2;2;2;4;3;3
"FA20_5F1UDWB09EH8";4;1;3;2;1;1;3;3;3;3;2;3;3;4;3;3;3;2;4;2;4;3;2;3
"FA20_5GF7F1UMHOZB";5;4;4;6;6;4;3;3;4;3;4;4;3;3;2;3;5;4;3;3;2;2;3;3
"FA20_5HEE35323MCE";6;4;3;5;6;5;3;3;4;2;4;4;4;3;4;3;4;3;5;2;2;1;1;1
"FA20_5HN4UYRBAJU6";6;5;4;5;5;2;3;2;2;4;3;3;3;2;1;4;5;4;2;4;2;1;2;2
"FA20_5IJVYO1EZW20";5;4;3;3;2;4;2;3;3;3;4;3;4;2;3;1;2;3;2;3;3;2;3;3
"FA20_5K7B05J08277";6;1;4;1;1;1;3;2;3;3;2;2;3;4;3;3;5;2;3;1;4;1;2;1
"FA20_5LZ04TT9OMPY";6;1;2;1;2;1;4;2;3;4;3;2;2;4;1;2;4;2;4;2;2;1;1;1
"FA20_5O972WLZHQFH";5;5;5;6;5;3;3;4;4;3;4;3;3;3;2;2;3;5;1;5;1;2;3;3
"FA20_5PGYS8YMJ7PK";6;5;4;5;5;3;3;4;4;2;4;3;3;3;2;2;5;4;3;1;3;1;1;1
"FA20_5Q6Q8EA4O0FL";6;3;2;2;2;1;2;3;4;2;4;3;3;2;3;4;3;1;5;1;4;2;3;2
"FA20_5QQCTDBWOOEC";6;3;5;3;2;6;4;3;4;4;4;2;3;3;2;2;5;4;3;3;3;2;3;3
"FA20_5SXI7HF90IG7";3;5;6;5;5;3;3;4;3;3;4;3;4;3;3;1;2;3;1;3;3;3;3;2
"FA20_5T5KVD0THMII";6;4;4;4;5;5;3;4;4;2;4;3;4;3;4;2;4;4;3;3;2;2;2;3
"FA20_5VCSPSIMHL1I";6;5;6;5;5;6;2;3;3;3;3;4;3;4;2;2;4;4;2;3;1;2;3;2
"FA20_5VL2BN2SYVN1";4;2;3;3;5;3;4;3;3;3;3;3;4;3;4;2;5;3;4;2;2;3;3;2
"FA20_5WPU4OHE3QWT";5;2;2;2;2;3;2;2;2;3;3;3;2;4;4;2;4;3;3;1;1;3;3;4
"FA20_5WXDO9CU7FGC";6;2;5;5;6;1;2;4;2;2;3;4;3;3;3;2;3;3;2;3;3;1;1;1
"FA20_5XXLF8A4JZS6";5;5;6;5;5;4;3;3;3;3;3;3;3;2;3;2;3;4;2;3;3;2;2;3
"FA20_5YEEYJ7U2X71";4;1;1;1;1;1;3;3;3;4;3;2;2;4;2;3;4;2;4;1;2;1;1;1
"FA20_60KKD7M33JRS";4;5;6;3;6;3;3;2;3;2;3;3;3;3;3;2;4;3;3;4;4;2;3;1
"FA20_60TZSWSJCXBE";3;2;5;4;3;1;4;3;3;3;2;3;2;4;3;4;5;1;4;2;3;4;2;3
"FA20_63QELRN5SEBB";2;5;6;5;5;5;3;4;3;2;4;3;3;2;3;2;2;4;2;5;3;4;3;3
"FA20_641FGGRLZ66S";5;7;6;7;7;7;3;4;3;2;3;3;4;3;3;1;3;4;2;3;3;1;1;1
"FA20_65LA8QRH88W2";4;4;5;6;6;5;2;4;4;2;4;4;4;2;4;1;1;5;1;3;4;2;3;1
"FA20_6ALBZ8A4C6WK";3;5;4;6;6;3;3;3;4;2;3;3;4;2;3;2;2;2;1;2;3;3;3;3
"FA20_6CHXRBKMGVN6";5;3;3;3;4;2;3;4;4;2;4;3;4;3;3;1;4;3;3;4;2;2;2;2
"FA20_6FV1II132CUF";3;4;4;5;3;3;2;3;3;2;4;3;3;3;2;2;2;4;2;4;4;2;3;3
"FA20_6K6RRGWKBBN6";6;3;5;5;5;4;4;3;3;2;3;3;3;3;4;1;3;4;2;2;2;3;3;2
"FA20_6KKUUQIR4HWF";3;4;4;6;6;5;1;4;4;2;3;4;4;2;4;1;1;4;1;5;3;1;4;4
"FA20_6KLKMOE12TEU";4;6;7;7;5;2;2;3;4;1;4;2;3;3;3;3;5;3;3;2;2;1;2;2
"FA20_6KT1SA9XP5DR";5;4;5;5;5;4;3;3;3;2;3;3;3;3;3;2;3;3;2;3;2;3;2;2
"FA20_6MR1B89IC49N";6;1;2;2;1;2;4;4;3;3;3;4;3;4;3;3;3;2;4;3;3;3;1;3
"FA20_6OVV7WQNFH6S";6;5;5;5;5;5;3;2;2;3;2;2;3;3;4;2;2;4;3;3;2;2;1;2
"FA20_6P7ZDV2NURY7";5;5;5;6;6;3;2;3;3;2;3;3;3;2;2;4;3;4;2;2;3;3;3;4
"FA20_6PAZ0W1NMROG";7;2;5;2;5;1;4;2;4;3;4;4;4;2;4;3;3;4;2;4;2;3;2;1
"FA20_6PP5DS82IEEX";2;2;5;5;5;4;3;2;4;3;3;2;3;4;2;1;4;2;4;3;3;2;4;4
"FA20_6QRPR6XE0GCJ";4;5;7;7;7;6;2;4;4;2;4;3;3;1;4;3;3;5;1;4;3;3;3;4
"FA20_6QYVFIYOJKPL";6;1;5;4;3;3;4;2;3;3;3;2;2;4;2;1;5;1;5;2;1;2;2;1
"FA20_6RRB7RD66BEJ";5;5;5;6;6;6;2;3;4;2;4;4;4;2;4;1;2;5;1;5;3;3;4;3
"FA20_6ST1I59HVNMX";6;6;5;6;5;2;2;4;4;1;4;3;4;1;4;1;2;5;1;5;5;1;2;2
"FA20_6WGF70A8NLNM";7;5;6;5;5;5;4;3;2;4;3;3;3;3;3;2;2;4;2;2;2;1;2;1
"FA20_6XZZ2LU7HWLW";3;6;6;6;7;6;1;3;4;2;4;3;3;2;3;2;1;4;1;3;4;2;3;3
"FA20_6Z3DJ0GJO69M";4;6;6;5;6;5;3;3;3;2;4;3;3;3;3;2;2;5;2;3;5;1;2;3
"FA20_6ZPA5DM5RN1V";4;4;4;2;7;7;4;1;2;4;3;2;2;3;2;1;2;3;1;2;3;2;1;2
"FA20_701VVZX5J1BY";6;6;7;6;7;6;3;4;4;2;4;4;4;3;2;2;4;4;2;3;3;1;1;1
"FA20_71PAYX2EVP0K";3;6;5;5;7;6;3;4;3;3;4;4;4;3;3;2;3;3;3;2;2;3;3;3
"FA20_73FSNKVTC24V";5;2;5;2;5;3;3;3;4;3;4;3;4;3;3;2;3;4;4;3;4;2;4;2
"FA20_76Y2OQ1BCCNM";1;3;3;3;3;3;3;2;2;4;2;2;3;2;2;2;4;2;3;2;2;2;2;2
"FA20_7CTRIIMK3C79";7;5;3;5;5;5;3;2;3;4;3;2;3;3;3;3;5;3;3;2;3;1;1;1
"FA20_7H5R3X5OMG7W";5;2;3;2;2;3;2;3;2;3;2;2;3;3;3;2;3;3;2;2;2;2;3;1
"FA20_7I3X1ETG9CP6";4;3;5;5;2;4;3;3;4;3;3;3;3;2;4;3;3;4;4;3;4;2;1;1
"FA20_7IGT49NYPIEZ";5;1;2;1;2;1;3;4;2;3;2;1;2;4;3;4;4;1;4;2;2;1;4;2
"FA20_7JQMSVAWVKEC";4;4;6;6;5;6;2;4;4;2;4;4;4;1;4;1;1;4;1;4;5;2;2;2
"FA20_7KMPJ7HZWJCJ";4;5;6;5;5;4;1;3;4;3;4;3;3;2;3;2;2;5;2;3;3;3;3;3
"FA20_7LEAL4COSLLI";3;6;5;6;6;5;2;4;4;2;3;3;4;2;4;2;3;5;2;4;3;3;4;4
"FA20_7LTLZXLJF9GR";6;5;6;6;5;5;2;3;2;3;3;2;2;3;2;2;3;4;2;2;1;2;3;4
"FA20_7NRJMU01TS1O";5;5;5;6;3;6;2;3;3;3;3;3;2;2;4;1;2;4;1;3;3;2;3;2
"FA20_7QWVRM603IBY";7;3;4;4;3;2;4;3;3;3;3;3;3;3;3;2;4;3;2;2;3;1;3;2
"FA20_7RK3U01JNCD2";7;2;3;3;7;3;2;3;4;3;4;3;4;2;3;2;3;5;3;4;1;2;2;2
"FA20_7T6T7JJ5OIFT";5;5;5;3;4;6;4;3;3;3;3;2;2;3;2;3;3;4;3;2;2;2;2;3
"FA20_7TQYSH1SLOMY";3;3;6;5;5;2;3;4;4;3;4;3;3;2;4;2;4;3;3;3;2;2;3;3
"FA20_7USHPLDFQQ53";6;5;5;6;5;5;2;3;4;2;4;3;3;3;3;2;3;4;2;3;3;2;3;3
"FA20_7V0HSGY9WR1K";6;1;1;3;5;6;4;3;3;3;4;2;2;4;2;1;4;2;3;1;1;2;3;1
"FA20_7V9LA6ENG4R7";3;5;6;7;7;6;2;4;4;2;4;4;4;2;4;2;3;4;2;4;3;3;3;4
"FA20_7WMZAFWX57OC";4;5;4;6;6;4;2;4;4;1;3;4;4;1;1;2;2;5;1;4;3;3;3;3
"FA20_7XDOBZF1GIAL";5;2;2;4;5;5;4;3;2;4;3;2;3;4;2;1;3;3;2;1;3;2;1;2
"FA20_812GTG5NJGYH";6;5;5;4;5;3;2;2;3;2;3;3;3;2;3;3;4;3;2;2;3;2;3;2
"FA20_81SANHVE0RI3";3;4;3;3;5;1;2;3;4;3;4;4;4;3;4;3;5;2;4;3;1;2;3;3
"FA20_8251MH4GKSGS";6;4;4;5;5;6;3;3;4;3;3;3;3;3;3;3;4;4;4;3;4;1;2;2
"FA20_85PCQ5ARXKBK";4;2;4;2;5;2;3;2;2;4;2;2;2;4;1;3;4;3;4;2;2;2;2;2
"FA20_863EEDKBJ7BL";5;7;7;7;7;7;2;3;4;2;4;4;3;2;3;1;5;5;5;5;2;1;4;3
"FA20_88QEHRWB8GLI";7;4;4;4;4;4;2;4;3;2;4;4;4;3;4;2;4;4;4;4;3;1;3;1
"FA20_89I88TVVSR20";6;5;5;4;4;6;3;3;3;3;2;3;2;3;3;2;5;4;4;3;3;3;3;3
"FA20_8CS9X1UANROG";6;3;3;5;5;3;4;3;3;2;3;3;3;2;3;1;2;4;1;4;5;1;2;2
"FA20_8DR420GF3EMC";7;2;5;2;2;2;4;1;2;3;2;2;2;4;2;1;5;2;3;1;2;1;3;2
"FA20_8I9XG129GQJ5";5;5;5;5;5;5;3;2;3;3;3;3;2;2;3;4;4;3;3;1;2;3;2;4
"FA20_8K9JU9W15YXL";3;5;6;6;6;7;2;3;4;2;4;3;4;2;3;2;3;4;1;3;3;3;3;1
"FA20_8KD6XABSI5GT";3;5;2;3;2;4;3;3;2;2;3;3;2;3;3;1;4;3;1;2;1;4;2;4
"FA20_8KU42O5A2GDH";6;2;4;5;5;2;3;3;4;3;3;3;3;3;2;2;3;4;3;4;3;2;3;2
"FA20_8NTFF7PL11T6";5;6;6;6;6;5;2;4;4;2;4;4;4;2;4;2;3;4;4;4;2;2;2;3
"FA20_8Q6WNWSPCPFQ";6;5;6;6;6;7;2;3;3;3;3;3;3;2;3;1;2;5;3;3;5;1;2;4
"FA20_8T53PER4PQL2";6;1;1;1;1;1;3;2;4;4;4;2;3;4;2;2;5;2;5;1;2;1;1;1
"FA20_8VDVM45JBZAL";5;4;5;5;5;5;3;2;3;3;3;2;3;3;3;2;1;2;2;2;4;2;3;2
"FA20_8WNH9ET55K7S";6;6;7;6;6;2;1;3;4;2;4;4;4;3;3;1;2;5;1;3;5;1;2;1
"FA20_8WWA9W3KRSG4";5;6;3;5;6;6;1;4;4;2;4;4;4;2;4;1;1;5;2;4;3;3;2;3
"FA20_8YOENUQPD6SM";5;7;7;7;7;7;3;4;2;2;3;4;4;2;3;1;3;5;1;5;5;1;2;3
"FA20_8YVN6JVPLYO1";6;5;5;6;6;5;2;3;4;2;4;3;4;2;3;2;3;4;2;3;3;2;2;1
"FA20_90VP07QT3SBM";5;3;3;3;3;1;3;3;2;3;3;2;2;3;3;1;2;3;2;3;2;2;3;2
"FA20_91M0FUTAFC75";7;1;1;1;1;1;1;4;2;4;2;3;3;3;3;5;5;3;5;5;5;1;1;1
"FA20_954QYIUUOXNG";5;5;5;4;5;3;4;3;3;3;3;3;3;3;4;3;4;3;5;2;1;3;2;4
"FA20_96H0WZG6OI8L";5;6;6;7;5;4;2;4;4;2;4;3;4;2;4;1;2;5;3;5;2;2;3;3
"FA20_97FAF9VZ734C";4;5;5;2;5;5;2;4;4;2;4;4;4;2;4;1;5;5;1;4;3;3;2;3
"FA20_97TNS17VC9BK";5;3;5;1;2;2;3;3;2;2;3;3;3;3;3;3;4;4;4;3;2;1;2;2
"FA20_98KNCOM93IUT";3;3;4;4;3;3;2;3;2;2;3;3;2;3;2;2;3;3;2;3;3;3;3;3
"FA20_9AZVNJP8HWU1";5;2;3;2;3;3;4;3;3;3;3;3;3;3;3;3;5;3;3;2;3;2;3;1
"FA20_9BL2PZESF2TP";5;3;3;4;4;2;3;3;4;3;4;4;4;3;3;1;4;3;4;2;1;1;2;2
"FA20_9CMAAWSSU2M6";5;1;1;2;1;1;4;3;3;3;3;3;3;4;3;5;5;3;4;3;2;3;2;3
"FA20_9DHP4DQ81LYG";6;4;4;6;4;6;1;4;4;2;4;4;4;2;3;3;3;4;3;2;4;3;1;3
"FA20_9DMW3O6RBU8Y";3;2;4;3;3;5;3;3;3;3;3;2;3;3;4;1;2;3;2;4;3;3;2;2
"FA20_9DP57ZNQX5Q4";6;7;7;6;6;7;2;3;4;1;4;3;3;1;4;1;2;5;1;3;3;2;4;4
"FA20_9E9JHCJOHPFR";7;2;7;4;2;4;3;3;3;3;3;2;2;4;4;1;3;2;4;2;4;1;1;1
"FA20_9GVI561L38ZC";5;6;7;5;5;2;3;3;4;2;4;4;3;2;3;1;2;5;1;4;5;1;1;1
"FA20_9I0VRROSCMQI";5;6;6;6;6;5;3;3;4;3;4;3;3;3;3;2;3;4;3;3;2;2;4;2
"FA20_9KEH57BENC46";2;3;4;6;6;2;3;3;3;3;3;3;3;3;3;3;3;3;2;4;3;4;3;4
"FA20_9LAZI904NJ1W";4;5;6;6;6;7;3;3;4;2;4;3;3;2;4;1;2;4;1;2;3;2;2;2
"FA20_9M6LKHMPM0OZ";6;1;1;1;6;1;4;1;2;4;1;2;1;4;1;1;4;2;4;2;2;2;2;3
"FA20_9MGG93WERHME";3;5;3;5;5;6;3;2;2;3;2;2;2;3;2;2;3;3;4;2;3;4;3;3
"FA20_9MQL65T7DKK1";5;5;5;5;6;6;2;3;3;3;3;3;3;2;3;2;5;5;2;2;3;2;3;3
"FA20_9NF7H961AUTQ";6;3;4;3;5;2;3;3;4;3;3;4;3;3;4;2;4;3;3;2;3;2;3;2
"FA20_9PSTJPUUV1IM";3;6;5;6;7;6;3;4;4;3;4;4;4;3;4;2;2;4;2;3;3;2;3;2
"FA20_9TNN6A8SXKWB";3;2;5;2;3;1;4;2;2;4;2;3;2;4;1;2;5;4;4;4;2;3;2;1
"FA20_9UKX9QTDOMSF";4;2;2;2;2;1;3;3;3;2;3;2;3;2;4;2;5;4;2;3;2;4;3;2
"FA20_9W79156E487O";6;5;6;6;6;3;3;4;3;3;3;3;4;3;2;1;2;5;1;2;5;1;1;1
"FA20_9WU7RRWX3TH1";3;2;2;4;4;4;3;3;3;3;3;3;3;4;3;2;5;3;2;3;1;2;4;3
"FA20_9YDII9SD82PC";6;3;2;2;5;2;3;3;3;3;3;2;3;4;2;4;4;3;4;2;3;3;3;3
"FA20_9ZG6SPVQ7VRD";6;5;5;5;5;5;2;3;3;2;3;3;3;2;3;2;2;5;2;4;4;2;3;3
"FA20_A0QQRT82LN89";5;4;4;5;6;5;4;2;2;3;2;2;1;4;2;1;5;2;4;2;2;2;2;1
"FA20_A1UMZQUNIFXE";5;5;3;5;5;6;4;2;3;4;3;2;2;4;1;2;5;2;3;2;1;2;2;1
"FA20_A590VJ2J2K2J";6;6;5;5;6;4;1;4;4;1;4;4;4;1;4;3;4;4;3;4;2;1;1;3
"FA20_A5TM3TWULCC7";7;2;2;4;5;5;3;3;4;3;4;4;4;4;4;3;5;2;5;2;1;1;2;2
"FA20_A76172WE4GY1";4;3;5;5;6;2;2;3;3;4;4;4;3;2;4;1;3;4;2;2;3;2;4;2
"FA20_A983T30F3EWT";6;2;3;1;2;2;4;3;3;4;2;3;3;4;2;2;3;4;4;2;4;2;1;1
"FA20_ABG4YOJS1F01";5;2;5;5;5;3;3;3;4;3;3;3;3;2;4;1;5;2;4;2;2;2;2;3
"FA20_ABIE02B4NYUW";4;5;5;2;5;7;2;4;4;1;4;4;4;1;4;1;1;5;1;5;5;3;3;4
"FA20_ACKJM8X7MFQA";5;5;5;5;3;6;4;3;3;2;2;3;2;2;3;2;3;3;2;4;4;2;3;3
"FA20_ADLE419DM0LX";5;1;1;1;2;2;4;2;1;4;2;2;2;4;3;1;4;2;4;1;3;2;2;2
"FA20_AELBLBYS1KCR";4;5;4;6;5;2;3;3;3;2;3;2;3;2;3;2;3;4;2;2;2;2;1;2
"FA20_AF5OESQKIFS7";5;3;4;5;4;6;3;3;3;3;3;3;3;3;3;2;3;3;2;3;4;2;2;3
"FA20_AGH9D6Z2B21F";3;5;4;5;3;6;2;3;4;1;4;4;3;2;4;1;3;2;4;3;4;3;3;2
"FA20_AH4DKWEE3Q7I";6;4;3;2;2;1;4;2;3;4;3;2;2;3;2;4;4;2;4;2;1;3;3;4
"FA20_AIR80XKSD13Z";5;2;2;3;3;3;3;2;3;3;2;3;3;3;3;5;5;2;5;3;2;2;2;2
"FA20_AKVZEC4VMVL7";1;6;5;6;6;5;2;3;4;2;4;4;4;2;4;1;2;5;1;4;4;4;4;4
"FA20_ALSSYPJ883QK";7;1;2;3;3;1;4;3;2;3;3;2;3;4;1;2;5;3;3;2;2;1;2;1
"FA20_AN2Z9BDAM4WU";3;7;7;7;7;7;1;3;4;1;4;3;3;2;3;1;1;5;1;4;5;1;1;2
"FA20_AN3YPS0CBOYL";4;4;5;6;5;6;2;3;3;2;3;4;4;2;4;1;3;4;2;2;4;2;2;3
"FA20_AN40U9G5V5TF";6;3;5;4;5;3;2;4;4;2;4;3;4;1;4;3;2;3;3;2;4;3;3;2
"FA20_ANBJGSMP5D0H";3;5;5;6;5;5;1;4;4;2;4;4;4;2;4;1;3;4;1;4;4;2;1;3
"FA20_APCFJYBFQTNM";5;5;6;6;5;2;2;2;4;1;4;2;3;2;4;2;4;5;1;4;3;2;1;2
"FA20_AQA3E69Y4VPW";6;2;4;4;2;6;3;1;2;2;4;1;2;4;4;5;5;2;5;3;1;2;2;3
"FA20_AQQXGP94XOGR";7;1;2;2;1;3;2;4;4;3;4;2;2;3;4;1;4;2;2;2;1;2;1;1
"FA20_ARFOYD0VNDQB";7;3;7;5;6;2;4;2;3;3;3;3;3;4;3;3;2;4;4;3;4;2;1;1
"FA20_ASLQ0IUWBWL9";6;3;2;3;3;3;4;2;1;4;1;2;2;4;1;1;4;1;3;2;2;1;4;2
"FA20_ASN44ZKMEEUL";4;5;5;6;7;3;3;4;3;3;4;4;4;3;4;2;3;5;3;4;3;2;1;1
"FA20_AU4094P5XZIR";6;3;4;4;6;6;3;4;4;2;4;3;2;3;3;2;5;3;3;3;2;2;1;2
"FA20_AUB939245I0Y";6;2;5;6;3;1;3;3;3;3;3;3;3;3;3;4;5;3;3;3;2;2;1;2
"FA20_AUN9TM7MZOKQ";5;7;6;6;7;5;3;3;4;2;4;4;4;3;4;1;3;5;1;5;2;1;3;3
"FA20_AUVDM3655JWU";6;6;6;4;5;6;3;3;2;3;2;2;3;3;3;2;3;3;2;3;1;2;2;2
"FA20_B2CDMKUHXVI4";7;6;5;5;5;6;3;4;2;2;4;2;3;3;3;1;2;5;3;3;4;1;1;1
"FA20_B2I7BX9MDSRD";6;3;3;4;3;3;3;2;3;3;3;2;2;4;2;2;4;2;2;1;1;2;1;2
"FA20_B3U36GT9HAHV";6;2;2;2;2;1;3;2;2;3;2;3;2;3;3;3;4;2;5;2;2;2;2;2
"FA20_B79VK1D8FR0Q";6;4;5;5;3;2;3;3;3;2;3;3;3;3;3;3;4;2;4;2;1;1;1;1
"FA20_B7VJKBEZX1DO";6;3;4;5;6;6;3;3;4;2;4;3;3;3;3;1;3;4;2;2;3;2;3;2
"FA20_B86L645P06RU";6;5;4;5;5;2;3;3;4;3;4;4;3;3;4;2;5;4;3;3;3;2;3;2
"FA20_BD56GYH726G4";7;5;6;5;5;4;1;3;3;2;3;4;3;1;3;2;1;4;1;3;3;3;4;4
"FA20_BK8NXRY5R5U1";7;3;5;5;4;2;3;2;3;2;3;2;2;3;2;3;3;3;3;2;4;3;4;1
"FA20_BKHD1XGMYN0G";7;2;5;2;2;7;4;4;3;2;4;4;3;3;4;2;4;3;5;1;2;3;2;2
"FA20_BKU9G7QW1IUX";6;5;5;5;5;5;3;3;3;4;3;2;3;4;2;2;3;2;3;2;1;3;2;4
"FA20_BMG32UYY9DFN";3;4;5;5;4;3;2;3;3;3;4;3;4;3;3;3;4;4;3;3;3;2;3;2
"FA20_BNF00PO74DQ9";3;5;6;5;5;1;2;3;4;3;4;4;4;3;3;2;5;1;3;1;1;3;3;3
"FA20_BOTXJ03SMJTM";5;3;4;4;5;2;3;2;3;4;4;3;3;4;2;5;5;2;5;2;1;1;2;2
"FA20_BP7U0HPV6NDH";4;4;5;4;2;6;3;3;3;4;3;2;3;4;2;1;3;3;2;3;2;1;3;3
"FA20_BRA7PB0WKPEQ";4;5;5;6;5;3;3;4;4;2;4;4;4;2;4;1;2;4;2;3;5;2;3;3
"FA20_BTTLK1OQTUIQ";3;5;5;5;7;6;2;3;3;2;3;3;3;1;3;1;1;4;1;4;4;4;4;4
"FA20_BTWUI3ONY543";6;3;5;5;3;1;4;3;3;4;3;3;2;4;3;1;2;4;4;2;4;3;1;1
"FA20_BVDK46OJ8ZEV";6;6;5;6;6;5;2;4;4;2;4;3;3;3;3;1;3;4;2;4;3;2;2;1
"FA20_BWQTF0LY0CH8";6;5;4;5;6;3;3;2;2;3;3;4;3;4;2;1;5;2;4;3;2;2;2;2
"FA20_BXIE1IV8SHYD";4;5;5;5;6;6;3;3;3;3;4;4;4;2;4;2;4;3;2;3;3;2;2;3
"FA20_BYP9MYTYW1Q8";5;6;7;6;6;5;3;3;4;2;4;3;3;2;3;2;3;5;2;4;3;2;3;3
"FA20_C0DN3CHVUS3V";7;2;3;5;5;1;3;3;3;2;4;3;3;3;3;4;5;2;3;2;1;2;1;2
"FA20_C1GW9VAA0VYW";7;5;5;5;6;4;2;3;3;3;3;3;3;4;2;3;4;3;4;2;2;2;2;2
"FA20_C63EK788L5Z1";6;4;5;3;6;3;2;4;4;3;4;3;4;2;3;3;5;5;2;4;2;1;3;1
"FA20_C6Q6X42M5QLG";3;5;5;5;5;3;3;3;3;3;3;3;3;3;3;2;1;4;3;4;3;3;3;2
"FA20_C7X3L5XFW9GG";4;6;7;5;7;2;4;3;3;4;3;2;2;3;2;2;4;4;1;3;4;4;4;3
"FA20_C84W8ZY8QZHK";2;5;5;6;4;5;2;3;3;2;4;4;4;1;4;2;3;5;2;4;2;1;1;1
"FA20_CBRV4WEV3QIK";5;6;7;6;6;6;2;4;4;2;4;4;4;2;4;1;2;5;2;5;4;3;1;1
"FA20_CD041ROQM4SC";5;2;3;1;2;1;4;4;2;3;3;3;3;3;2;3;4;3;4;1;3;1;1;1
"FA20_CED6HXFGY75U";6;6;6;6;6;6;2;4;3;1;4;3;3;2;3;2;5;3;4;2;2;1;1;1
"FA20_CFEQCWUYTXE8";6;5;6;3;5;3;1;3;3;3;3;2;3;3;3;1;4;3;3;5;4;1;3;2
"FA20_CFPSWBWW8ZHS";5;6;6;6;5;5;3;4;4;2;4;4;4;2;4;1;3;4;2;4;3;2;3;4
"FA20_CJ05SVD6ZM57";6;2;3;3;5;3;2;3;4;2;4;4;4;2;4;1;2;2;2;1;1;1;1;3
"FA20_CJPUPNZQFGHC";6;5;4;5;6;3;3;4;3;3;3;2;2;3;2;1;4;3;2;2;3;2;2;3
"FA20_CK54W46WDWLO";3;3;6;6;6;2;4;2;4;3;3;2;2;3;2;2;2;3;3;2;4;3;3;4
"FA20_CNDGQ6V49E2D";4;5;6;6;5;6;3;4;4;2;4;4;4;2;3;1;2;5;2;5;2;2;2;2
"FA20_CO34FWPBN86Y";3;5;6;6;6;6;3;3;2;3;2;3;3;3;4;1;3;4;2;4;3;2;2;3
"FA20_COJPVAEUA7QT";NA;NA;NA;NA;NA;NA;NA;NA;NA;NA;NA;NA;NA;NA;NA;NA;NA;NA;NA;NA;NA;NA;NA;NA
"FA20_CPKHDJK7YBIV";5;4;6;5;3;3;3;2;4;2;4;3;3;3;3;1;3;2;1;2;5;2;1;3
"FA20_CQ4O0ZFFXZ6C";6;6;6;6;6;6;3;4;4;2;4;4;4;2;4;1;3;3;1;1;3;2;3;2
"FA20_CQN59WLEYTF4";6;2;3;1;2;1;4;2;1;3;1;1;1;4;2;2;3;2;4;2;2;3;2;1
"FA20_CS4S1WDO9K5N";5;6;6;6;6;5;3;3;4;2;4;3;4;3;4;2;4;3;2;3;3;2;2;2
"FA20_CT7O3MP9321M";4;7;6;7;7;6;1;3;3;3;3;3;3;3;4;1;1;4;1;4;4;3;3;1
"FA20_CVORCMHQ81A3";4;5;5;6;6;4;3;3;3;3;4;2;3;2;3;2;2;5;2;4;5;2;2;3
"FA20_CY0PNTFA0VKC";5;3;6;5;3;1;3;2;3;3;4;2;2;3;1;2;5;4;1;3;1;3;2;2
"FA20_CZEQAEPWUTFC";5;5;5;5;5;4;3;3;3;3;3;3;3;3;3;2;3;4;4;4;3;3;3;4
"FA20_CZW7MY4IZZ4B";5;3;5;4;2;3;3;3;3;3;4;3;3;3;2;3;3;3;3;3;4;3;3;2
"FA20_D0FON874RTYH";4;5;4;6;4;3;2;4;4;2;4;3;3;2;3;3;4;4;3;2;2;1;1;2
"FA20_D2Y5VNCBLHYG";6;3;4;5;4;2;3;3;4;2;4;4;3;2;4;1;4;5;2;2;3;2;3;3
"FA20_D3MHDI7RH9YT";6;4;2;6;6;7;4;3;3;4;3;3;3;4;1;1;3;3;2;4;4;1;1;2
"FA20_D4094G0BWCCM";4;5;5;5;5;2;3;3;3;2;3;3;3;3;3;1;3;4;1;3;3;1;1;3
"FA20_D54124WPYK9G";3;5;6;6;3;4;2;4;4;2;4;3;4;3;4;1;2;4;2;3;3;1;1;2
"FA20_D6PX49DTTAP8";6;5;6;5;3;2;3;4;3;3;3;3;3;3;4;3;4;5;2;4;3;2;3;1
"FA20_D7K0X3XM41CU";5;6;6;5;3;1;2;3;4;2;4;3;4;2;4;1;3;5;2;4;4;4;3;2
"FA20_D7SOY3TAXQS8";7;6;6;6;6;5;2;3;3;1;4;3;3;2;4;4;3;5;3;3;4;2;4;5
"FA20_D8VMKWT0ULGC";7;5;4;6;5;7;1;4;4;2;4;4;4;1;4;2;3;5;2;4;2;2;3;1
"FA20_D9V3JEJ4C1XS";6;5;5;5;3;5;4;3;3;3;3;2;2;3;3;1;4;3;4;4;3;3;2;3
"FA20_D9W5JDT2C66P";5;4;6;6;6;6;1;4;4;2;4;4;4;2;4;2;2;5;1;4;4;2;3;3
"FA20_DA7WNR6UUJGI";5;2;7;4;3;2;4;3;3;3;2;3;2;4;2;2;4;3;4;2;2;2;2;3
"FA20_DBQWRNUXUV24";1;7;7;7;7;7;1;4;4;2;4;4;4;1;4;1;1;5;1;5;5;2;2;5
"FA20_DCO41FJ6HLAS";3;4;3;4;4;5;2;3;4;2;4;4;4;2;3;1;3;4;1;4;3;1;3;4
"FA20_DEUK28N4GXRQ";5;4;5;6;5;3;1;4;4;1;4;4;4;1;4;1;3;5;1;3;4;2;2;3
"FA20_DGJUHK1XXFIJ";4;6;7;5;5;1;3;3;4;2;4;3;3;3;2;1;2;4;2;3;4;1;2;2
"FA20_DGRW61Y4U6C3";4;3;3;5;5;3;3;3;3;3;3;3;3;3;3;2;2;2;2;2;2;3;3;3
"FA20_DHJ0207UOSM6";5;3;6;3;6;3;4;3;2;4;2;4;2;4;1;2;5;4;3;4;1;1;4;3
"FA20_DI7OHA9KY1K4";6;2;2;1;1;1;4;3;3;3;3;3;3;3;3;1;3;3;4;2;2;2;2;2
"FA20_DKKHUZ3K9E0H";2;5;6;7;6;6;2;3;3;2;3;3;3;2;4;2;2;5;2;4;4;3;2;3
"FA20_DNTDYGYIOMZ7";3;2;4;3;3;1;4;3;3;3;3;3;3;4;3;4;4;3;5;2;3;3;2;3
"FA20_DO8ZMRUU58D3";3;3;4;3;3;3;3;3;4;2;4;3;4;2;4;3;4;4;4;3;4;2;3;3
"FA20_DS7BKP11Z4QL";4;4;4;5;5;6;3;2;4;3;4;3;2;3;3;1;4;5;2;3;3;3;2;3
"FA20_DTJBEGDMZRNF";5;5;5;6;6;3;3;3;4;3;3;3;3;3;3;1;4;4;2;3;3;2;2;2
"FA20_DTWV803T8KN8";4;3;5;3;5;6;2;3;4;2;3;3;3;2;3;1;4;3;3;2;1;3;2;2
"FA20_DX6YK0GPH07B";5;4;7;4;4;4;2;2;4;3;3;3;3;3;3;1;1;3;2;2;2;2;2;1
"FA20_DXBSDNHTYVN6";3;5;6;7;5;2;3;3;4;3;4;3;4;2;4;1;3;4;1;4;4;4;3;4
"FA20_DXC0A52M4Z5P";7;5;2;4;2;7;3;4;4;2;4;3;3;3;2;1;2;3;1;2;2;3;3;3
"FA20_DZ9KY0STG8LV";5;1;2;1;3;1;4;3;3;3;3;3;2;4;3;1;4;3;5;4;3;2;3;2
"FA20_E06A279TUX7T";4;5;7;6;6;5;3;3;3;2;3;4;4;2;4;1;1;5;1;4;3;1;2;3
"FA20_E1NQAZ6SZWDP";5;1;2;1;2;2;3;2;3;3;3;2;2;4;2;3;5;1;2;1;3;3;3;3
"FA20_E1V045X224Q4";4;5;5;4;6;3;3;2;3;4;3;3;3;3;3;3;4;3;4;3;3;1;1;3
"FA20_E35WVASWXPJA";4;1;3;4;3;7;2;2;4;3;4;2;2;3;2;1;4;2;3;3;2;2;1;1
"FA20_E37AYXBSA0TQ";5;5;6;6;5;7;3;4;4;2;4;4;4;2;4;1;3;5;2;4;5;2;1;3
"FA20_E4QF2SZ0AAIF";7;1;1;2;3;1;3;2;2;3;3;2;2;3;3;3;5;3;4;3;2;2;1;1
"FA20_E5MZCP47FWN1";5;4;3;5;3;3;3;2;3;3;3;3;3;3;3;2;3;3;3;3;2;2;2;3
"FA20_E7F3OFSY9D8P";6;3;3;5;3;3;4;3;4;3;4;3;3;2;2;1;3;3;2;2;3;1;3;2
"FA20_E7LR7MDFWYPV";6;2;4;3;2;3;4;3;3;3;4;2;2;3;3;1;5;3;3;2;2;1;1;2
"FA20_ECZQAHSRBV9D";7;5;5;5;5;2;3;3;2;3;3;2;3;3;3;3;4;4;4;4;2;2;3;2
"FA20_EDBY4H6OHPXO";5;6;6;6;5;5;3;2;4;3;4;3;3;4;4;1;5;3;2;3;1;4;3;4
"FA20_EEJKMC34WFDD";6;6;7;6;7;5;2;3;4;3;3;3;4;2;4;2;4;3;3;4;2;2;3;2
"FA20_EESFOOASN2S7";6;2;3;2;2;2;3;2;2;4;2;2;3;4;2;2;3;2;3;2;2;2;3;3
"FA20_EF1RKTNDNFY6";5;3;5;5;3;5;1;3;4;2;4;4;4;2;3;2;3;4;2;3;3;3;3;3
"FA20_EHC4CFK6GMGV";5;4;5;5;3;1;4;3;3;3;3;3;3;3;2;3;4;4;4;3;3;4;3;1
"FA20_EIDTL1K9N7F9";2;2;2;3;1;1;4;2;2;4;2;2;2;4;3;3;5;1;4;2;2;2;4;2
"FA20_EJ5FPLPXVT4U";6;2;5;5;6;2;4;2;2;3;2;2;2;4;3;1;5;3;5;3;1;1;2;2
"FA20_EM46OYVM62JH";6;3;4;5;5;2;1;2;3;4;3;3;3;3;2;1;3;2;3;3;1;2;3;3
"FA20_EMJ4TRKA829K";5;5;5;6;5;6;4;4;4;3;4;4;4;2;4;2;4;5;2;4;3;2;2;2
"FA20_EOM9EAN0W77D";4;2;2;3;2;2;3;4;4;2;3;3;3;3;3;2;4;2;3;2;1;3;2;3
"FA20_EP0O22AT8B3J";6;2;4;1;2;2;4;3;4;3;3;3;2;3;3;3;4;2;3;1;2;2;2;2
"FA20_EQVNJK3KQYGX";4;2;3;3;3;3;2;2;2;2;2;2;3;2;2;1;1;4;1;4;5;2;2;2
"FA20_ERZJ5R2LM5MV";5;6;7;7;7;7;2;4;4;2;4;4;4;2;4;1;2;5;1;5;5;1;3;2
"FA20_ES306QTH1J6Y";NA;NA;NA;NA;NA;NA;NA;NA;NA;NA;NA;NA;NA;NA;NA;NA;NA;NA;NA;NA;NA;NA;NA;NA
"FA20_ETAH6XP6PQVC";4;6;6;4;5;6;1;3;2;1;3;3;3;1;4;1;1;5;3;4;5;2;4;4
"FA20_EUO9FL3KLH2Y";6;5;4;6;6;7;2;3;4;1;4;4;3;3;3;1;2;5;2;5;4;3;2;2
"FA20_EVAVMVF6XV6J";6;2;5;5;4;4;3;3;4;3;4;3;3;3;3;1;3;3;2;2;3;3;2;2
"FA20_EY5MYDEAMHS1";4;5;6;7;5;5;2;4;4;2;4;4;4;2;4;2;3;5;3;2;3;2;2;1
"FA20_EYH54WNSCJCF";5;6;6;6;5;5;2;3;4;2;4;4;4;2;4;1;2;5;2;3;3;2;3;3
"FA20_EZIIOK1D45H3";6;4;4;4;4;4;2;2;2;2;2;2;2;2;2;1;1;1;1;1;1;1;1;1
"FA20_F12XQHZUKGY8";5;3;5;5;4;1;3;3;2;4;3;4;3;3;4;4;3;3;4;2;5;2;1;3
"FA20_F3W6UYAAEGIW";3;1;1;2;2;2;4;3;3;2;3;3;4;3;4;3;4;4;3;3;4;2;3;4
"FA20_F4E3C9V02ZNX";3;6;5;2;3;5;3;2;3;4;3;2;3;4;2;3;3;2;5;1;3;2;3;4
"FA20_F7QRYSQXV8CY";4;4;3;3;2;4;3;2;3;3;3;3;2;3;3;1;1;2;2;3;2;3;3;3
"FA20_F80PVRB9WWP4";1;6;7;7;6;3;3;4;4;2;4;3;4;2;3;3;3;3;1;2;3;4;2;2
"FA20_FD2W8O2ZJ75S";4;4;4;4;4;4;1;4;4;1;4;4;4;1;4;1;3;4;1;2;2;2;3;3
"FA20_FDGL05RZ2MN1";6;5;5;5;6;4;2;4;4;2;4;4;3;2;4;1;3;5;1;5;4;1;1;1
"FA20_FFB6RWHE8WJ3";3;3;5;5;3;1;2;2;2;4;2;3;3;2;2;2;1;3;1;1;3;2;3;4
"FA20_FH8BIBFQGPKN";4;6;6;5;6;6;2;4;4;2;4;4;4;2;4;1;3;5;2;5;4;2;3;3
"FA20_FISEQIYML8HB";6;1;5;3;5;5;4;2;3;4;2;2;2;4;3;1;5;2;3;1;2;3;1;2
"FA20_FJMAH9FNGCIX";2;5;6;6;4;2;3;3;3;3;3;3;3;3;3;2;3;3;1;3;2;3;2;2
"FA20_FJWR6AISSOEK";4;3;3;2;2;1;4;3;2;4;3;3;3;3;4;3;5;2;4;2;4;2;2;2
"FA20_FK345NHKYDK5";NA;NA;NA;NA;NA;NA;NA;NA;NA;NA;NA;NA;NA;NA;NA;NA;NA;NA;NA;NA;NA;NA;NA;NA
"FA20_FL9IY2ADH0EE";6;6;6;5;6;5;3;4;3;3;4;4;4;3;4;1;2;4;3;4;4;1;1;1
"FA20_FNBG31NUQDRF";1;7;7;7;7;7;4;2;1;1;2;3;4;4;4;5;5;5;5;5;5;2;3;3
"FA20_FPRYG7LG4E2D";5;5;5;6;6;6;3;3;4;3;4;3;3;3;3;1;4;3;4;1;2;2;2;1
"FA20_FQJU3H3SCAGD";5;6;7;6;6;6;2;4;4;3;4;4;4;2;3;1;3;5;1;5;4;1;4;2
"FA20_FRQBTHS8XU9P";6;5;5;5;4;4;2;3;4;2;4;4;4;2;4;1;2;5;2;4;4;2;3;3
"FA20_FTH4MHSL8FNZ";3;4;3;5;3;5;4;2;3;2;3;4;2;3;4;2;4;3;4;3;2;3;2;2
"FA20_FXUI80F6PMAZ";4;6;5;6;5;6;2;3;4;2;4;4;3;2;4;1;2;5;3;4;3;2;3;3
"FA20_G5NKVZ2KP5VB";2;3;5;4;6;5;3;3;3;2;3;3;3;3;3;1;2;2;2;2;2;2;3;3
"FA20_G80MXJMUT02V";2;6;7;5;5;6;3;3;4;3;4;3;3;2;3;1;2;4;2;4;5;2;1;3
"FA20_GCVYFUPT3IC9";4;6;6;6;5;6;2;4;3;2;3;3;3;2;4;2;2;4;1;4;4;2;3;4
"FA20_GDT5CPYPFHAR";5;3;3;3;3;2;3;3;2;4;2;3;3;4;2;3;4;3;3;3;3;2;2;2
"FA20_GHJQZSV3Q61P";4;2;2;2;2;5;4;3;2;3;2;3;2;3;2;4;5;2;4;2;2;3;3;2
"FA20_GIQ617LXZYLD";5;3;6;3;5;4;4;3;3;3;4;3;3;4;3;1;4;4;2;1;3;2;3;2
"FA20_GJ0KQDS9CLWM";4;1;1;2;2;1;4;3;2;3;2;3;3;3;2;3;3;2;5;2;4;1;3;2
"FA20_GKZF1F8YW53Q";5;7;7;6;7;6;2;4;4;3;4;4;3;3;2;1;1;5;1;4;5;1;1;1
"FA20_GL29K8ZGOYU5";5;5;4;7;6;4;1;3;4;2;4;3;4;1;4;1;5;2;5;5;2;1;1;1
"FA20_GMKT3DP6J3AF";7;3;5;4;5;3;3;3;3;3;3;3;3;4;2;3;5;3;4;2;1;1;1;1
"FA20_GNSFOCAVRGZ9";4;5;5;5;5;3;3;3;3;2;4;3;3;2;4;2;2;3;3;3;3;1;3;2
"FA20_GOJ7XXWQD67D";5;5;6;6;5;2;4;3;3;2;4;2;3;4;3;1;3;3;2;3;4;3;3;1
"FA20_GOPJOYTRJVHA";4;2;5;2;3;3;1;2;3;3;2;3;1;4;3;1;1;2;2;2;4;1;2;3
"FA20_GRADE97Z6SQM";4;3;3;5;6;6;2;2;4;4;4;4;4;1;1;1;2;5;2;4;2;3;2;4
"FA20_GS8Y819KYQ4K";6;3;3;5;5;2;3;2;4;2;4;3;4;3;2;3;2;4;3;2;1;2;1;2
"FA20_GSCKWNV0U69S";6;5;5;5;6;6;3;3;4;2;4;3;4;2;4;1;4;3;2;3;2;2;4;4
"FA20_GURZOT2KPLC6";4;7;7;7;4;7;1;4;4;2;3;3;3;2;3;1;1;5;1;5;5;1;1;1
"FA20_GVGUFNRWDG7I";3;5;4;3;3;4;2;4;4;2;4;4;4;2;4;2;3;5;1;3;4;3;2;3
"FA20_GWFL8THY9QND";5;5;7;5;4;6;3;3;4;2;4;3;3;3;3;1;2;5;2;4;5;2;2;2
"FA20_GZRUS5COXY9I";6;6;5;6;7;5;1;4;4;2;4;4;4;2;4;1;4;5;2;5;3;2;2;2
"FA20_H2Z1HOO9XNJT";3;5;4;5;6;5;3;3;4;2;4;3;3;2;3;2;3;3;4;3;2;3;2;2
"FA20_H42FK6L6K2DR";6;5;5;6;5;1;1;3;2;3;3;3;2;3;2;1;3;2;2;1;1;2;1;1
"FA20_H55RMPFEWWGZ";5;2;5;5;5;1;4;3;4;2;4;3;2;4;3;1;4;3;4;1;3;3;3;3
"FA20_H6JQXWPOMF9G";4;7;6;6;7;6;2;2;2;1;4;3;3;2;3;3;3;3;3;3;3;3;3;3
"FA20_H7EY2KBJEJK6";2;5;7;3;5;3;2;2;4;3;4;2;3;2;2;2;4;3;2;3;2;2;3;3
"FA20_H8V63Y4SKJVW";6;5;6;5;3;2;3;4;4;3;4;3;3;2;1;2;3;4;2;3;3;2;1;3
"FA20_H9J55U1DPIIC";5;3;4;4;6;2;3;4;3;2;3;2;3;2;3;3;4;3;1;2;2;1;2;2
"FA20_HB3HWD7HMGT9";3;6;7;7;6;6;2;4;4;2;4;4;4;2;4;1;3;4;2;3;4;2;2;4
"FA20_HFSCASMPHGFF";7;4;5;5;5;6;2;3;4;2;4;4;4;2;4;2;3;3;3;3;3;1;3;1
"FA20_HG0IT72KBCO1";5;6;6;6;6;5;2;4;4;2;4;4;4;3;4;4;4;4;3;4;2;3;3;3
"FA20_HH9M8MLBWKRE";5;5;5;5;3;2;2;2;2;4;2;3;2;3;2;3;3;3;3;3;2;1;1;3
"FA20_HHGYKXHVC4D4";6;2;2;2;2;1;3;3;3;3;3;3;2;3;3;2;4;2;4;2;3;2;1;1
"FA20_HIY56A97WFYM";6;5;4;5;6;7;1;4;3;2;4;3;3;1;4;1;2;4;1;3;3;1;1;1
"FA20_HKHN6PQOUMB4";6;2;5;4;5;4;4;3;3;2;3;4;4;3;4;1;2;2;3;3;2;2;2;2
"FA20_HLVWCDULXMG0";6;4;3;5;3;3;4;3;3;2;3;4;3;3;4;4;4;3;3;2;2;1;1;2
"FA20_HO81GXD1LOQW";6;5;5;4;4;2;2;3;4;2;4;3;4;2;3;3;4;3;2;4;3;3;2;3
"FA20_HOVEUFNI77TA";5;6;7;7;7;6;2;3;3;3;3;3;2;3;2;1;3;4;2;1;3;2;3;2
"FA20_HPNSQA8YVE1L";2;4;6;5;6;5;4;3;4;3;3;3;3;3;3;4;4;4;4;4;2;3;3;4
"FA20_HUPDFK9U9U3M";5;3;3;2;1;3;3;3;3;3;3;2;3;4;3;3;4;3;5;2;1;2;3;2
"FA20_HY4TTEJTO2BA";7;3;5;4;6;6;1;4;4;2;4;4;4;1;3;1;1;4;2;5;5;2;3;1
"FA20_I00ZO1NRAN4V";5;4;2;5;5;6;3;3;3;3;3;3;2;3;3;2;2;4;2;3;3;2;2;2
"FA20_I0OFD88MGY41";2;7;6;7;6;7;2;3;3;4;3;3;3;2;3;2;4;3;2;2;3;3;2;4
"FA20_I0PCOG2G0S3T";4;2;4;2;2;2;4;3;3;2;3;3;3;3;3;2;3;2;1;2;3;2;1;3
"FA20_I1C17E9C6N1L";6;4;6;5;5;4;4;3;2;3;3;3;4;2;2;1;5;4;3;3;2;3;2;2
"FA20_I3GL4CUQ2ILE";3;6;7;7;5;5;1;3;4;1;4;3;4;2;4;2;2;5;2;4;4;4;2;4
"FA20_I4GEG4BTHY8U";4;4;3;4;2;5;4;2;2;4;2;2;2;4;1;4;5;3;3;3;1;3;2;4
"FA20_I5IZYWEGTNG7";5;6;6;7;7;7;3;3;4;3;4;3;3;2;4;1;3;5;1;4;2;2;3;3
"FA20_I5TIAHM9GDFI";4;3;2;4;5;3;1;3;4;3;4;3;3;3;2;1;4;3;2;2;2;1;2;3
"FA20_I8P5HAXP184O";3;4;6;5;5;3;3;4;4;3;4;3;3;4;3;4;3;4;3;3;4;2;1;2
"FA20_I9QISTMMQUD1";3;2;6;5;5;3;3;4;4;3;4;4;4;3;4;2;5;4;2;4;2;1;3;4
"FA20_IB5K5MW2G962";6;3;4;6;4;6;4;4;4;3;4;3;3;4;3;1;3;3;1;3;3;1;2;3
"FA20_IB6RLH4R4YOZ";6;5;5;5;5;4;3;2;3;3;4;3;3;3;4;1;2;4;3;2;3;3;1;1
"FA20_IBIV0W7CABS2";6;3;6;5;5;3;3;3;2;3;2;2;3;3;4;2;3;2;2;2;2;2;2;3
"FA20_IDZR8AUN3AWS";6;3;4;5;4;4;3;3;4;2;4;4;3;3;4;2;4;3;2;2;2;2;2;1
"FA20_IFOIA4EX6T17";2;4;3;3;2;4;2;2;3;2;2;2;2;3;2;2;3;2;2;3;2;3;3;2
"FA20_IP4J6QMYRYJ2";6;5;5;2;6;2;4;3;4;4;3;3;3;4;4;1;1;3;2;3;4;2;1;3
"FA20_IQ9OR7HO0Z17";6;2;5;5;4;1;4;3;4;4;3;4;2;4;3;1;3;3;2;3;4;5;2;1
"FA20_IQESTSWEITPF";5;4;5;4;4;1;4;4;3;4;3;3;2;3;3;1;3;3;2;3;1;1;2;3
"FA20_IRKUAEIQ7TW1";6;3;5;6;5;2;3;3;3;2;3;3;3;4;3;1;3;4;2;3;3;1;2;3
"FA20_IS7ZXBUV5ZL6";4;3;2;2;5;1;3;3;3;3;3;4;4;3;4;2;3;5;3;2;2;4;3;3
"FA20_IV2OEQUTIZ5P";6;2;5;3;5;3;3;3;2;3;3;2;3;3;3;2;3;4;3;4;3;1;2;3
"FA20_IVD9BWZMHE69";6;6;6;6;6;5;1;4;4;2;4;4;3;2;4;2;4;5;1;5;3;2;1;2
"FA20_IWDYBQWZUG87";6;2;5;5;4;6;3;3;2;4;3;2;2;4;2;2;5;3;2;2;2;4;4;2
"FA20_IX3U6HEU52O8";6;2;4;2;5;1;3;2;1;3;2;2;2;4;2;5;5;2;5;3;3;2;3;3
"FA20_IXE1A5YMWJSR";4;6;6;6;6;6;1;4;4;2;4;4;4;3;4;1;3;5;2;4;4;2;3;3
"FA20_IY1U8W1D5XD8";6;5;5;5;5;5;3;3;2;3;2;2;2;3;3;3;3;3;2;2;4;1;2;3
"FA20_IYHL7B2MSMPS";3;2;5;2;2;2;4;3;2;3;3;3;3;3;3;1;4;3;4;2;2;4;3;2
"FA20_IYQFIO9S54FS";4;6;6;6;6;7;1;4;4;2;4;4;4;1;4;2;1;5;1;5;3;2;2;3
"FA20_IZHS47DFRMGM";5;6;5;7;7;6;3;3;3;3;2;2;3;4;3;2;2;3;1;4;3;3;2;2
"FA20_IZXQW0RZXLYU";6;7;7;7;7;6;2;3;4;4;4;4;4;2;4;2;4;4;4;3;1;1;1;1
"FA20_J17YTNAQN8BS";6;6;6;6;4;3;3;2;2;3;2;3;3;4;2;2;5;3;4;2;3;3;3;3
"FA20_J3AFQMZB59EW";2;2;2;2;2;1;4;2;1;4;2;1;1;3;2;4;4;4;4;4;4;3;2;2
"FA20_J3KXST2VE4WF";6;6;5;5;3;6;3;3;4;2;4;4;3;3;4;2;3;4;2;2;1;4;3;2
"FA20_J3XX7NX7M0J4";3;1;5;1;1;3;3;2;2;3;2;2;2;3;1;3;1;2;3;3;2;3;2;3
"FA20_J7W24TVXZJOP";6;3;5;2;1;2;4;3;4;3;4;4;2;4;2;2;3;4;2;3;4;3;1;2
"FA20_J9ZOCCU5PY62";5;4;4;4;3;4;3;2;2;4;3;2;2;4;3;3;5;2;2;2;1;2;1;3
"FA20_JELSS6237J31";7;5;6;6;6;6;2;4;4;2;4;3;4;2;4;1;2;5;3;4;3;2;2;1
"FA20_JGRHHRWW6UGA";5;6;6;5;5;6;3;4;4;3;4;3;4;2;3;1;2;3;3;3;2;2;3;3
"FA20_JIQRWTJVXH8B";5;5;6;5;4;4;2;3;3;1;3;3;3;1;4;2;3;5;1;3;4;2;2;3
"FA20_JIU12RQDEVKF";6;4;4;5;5;3;2;3;3;3;3;3;3;2;4;2;4;4;2;3;4;2;3;3
"FA20_JIV9JCZPU61W";3;3;5;2;3;3;3;3;1;3;2;2;2;4;2;4;2;3;2;4;3;3;2;3
"FA20_JKDVDTDJ0VC4";6;6;2;6;5;4;4;4;4;3;4;3;4;3;3;3;4;3;4;4;2;2;2;3
"FA20_JL5B76YNMSC5";5;5;5;5;5;3;3;3;4;3;3;3;3;4;2;1;2;4;3;4;4;2;3;3
"FA20_JMFJSRUWZO22";5;2;5;3;5;5;3;3;4;3;4;2;2;4;3;2;2;1;5;1;2;2;1;2
"FA20_JMNYWJN8COJH";3;7;7;7;7;7;2;4;4;2;4;4;4;2;4;1;2;5;1;5;4;2;3;4
"FA20_JNAYSU5BYRYR";5;6;7;7;7;5;3;3;4;3;4;3;3;3;3;1;2;5;1;4;4;2;3;2
"FA20_JNIGJCG78XUW";4;6;6;6;5;7;3;3;4;3;4;4;3;2;3;1;3;5;3;3;4;1;3;3
"FA20_JNPLDZV8CUCY";7;2;2;4;5;3;4;4;3;4;3;3;3;3;2;2;3;3;4;3;3;1;2;1
"FA20_JRSWVQ4LUIUO";6;4;4;5;5;2;3;3;3;3;4;4;4;2;4;3;4;5;5;4;4;2;2;3
"FA20_JS844HPO8LFY";5;4;3;3;4;2;4;2;3;4;3;2;2;4;3;2;4;3;4;2;3;1;1;1
"FA20_JTBM2QUI8FZY";3;3;6;6;5;6;4;2;4;2;4;3;3;3;4;1;5;4;3;1;4;4;2;1
"FA20_JW6UJ9RBKK7J";6;4;5;6;6;6;1;4;4;1;4;4;4;2;3;1;4;4;4;4;3;2;3;1
"FA20_JYAJ164HBGBY";5;4;5;6;6;2;3;2;3;4;3;2;2;3;3;3;5;4;4;2;4;3;1;1
"FA20_JZ3YUI4JZV1Z";6;6;6;6;6;6;3;2;2;3;2;3;4;4;3;2;3;4;4;3;2;2;3;2
"FA20_JZY3WRQQULX2";3;2;6;6;5;2;2;3;2;3;4;3;3;2;3;2;2;3;3;2;5;2;3;3
"FA20_K11DQX3LTA4P";5;2;3;3;2;3;3;3;3;3;3;3;2;3;2;1;3;2;3;2;2;2;3;4
"FA20_K2C0RQ48JV5F";4;6;6;6;6;5;2;3;3;4;3;3;3;3;3;2;4;4;3;4;4;2;2;3
"FA20_K2PE1ORLLWJA";6;6;6;7;6;6;2;2;4;3;3;3;2;2;2;1;2;4;2;2;3;2;2;3
"FA20_K2RQ2TDSSGFA";6;2;2;3;3;2;3;2;2;3;2;3;2;4;1;3;4;1;3;3;2;3;2;3
"FA20_K488SKPI1XJO";4;5;6;6;6;3;2;4;4;1;4;3;4;1;4;1;1;5;2;4;5;1;3;3
"FA20_K4BDJMBKE1GO";7;6;7;5;5;4;2;4;4;3;4;4;4;3;4;1;3;3;2;3;2;1;1;1
"FA20_K658BGZTQ0GG";3;5;6;7;6;7;2;4;4;1;4;4;4;2;4;1;1;2;1;1;5;2;3;3
"FA20_K9OKUXD5PF80";6;1;5;6;3;6;4;3;1;4;2;3;3;4;1;3;5;3;4;3;2;1;1;1
"FA20_KAKUDLDGYC1N";3;5;5;5;7;3;1;4;4;1;4;4;4;1;4;3;2;5;2;5;3;1;3;5
"FA20_KB2XVHHGTA6R";6;6;7;6;5;6;3;3;4;2;4;3;4;2;4;1;3;5;3;4;4;1;2;1
"FA20_KCGUYRHMQRR5";5;7;7;7;6;5;1;4;4;1;4;4;4;1;4;2;2;5;1;5;3;2;3;3
"FA20_KDGDWJNY69CP";5;5;5;5;5;4;3;3;3;3;3;3;3;3;4;2;4;3;3;3;2;2;3;2
"FA20_KDYPQA38VG0J";4;7;7;7;7;7;2;4;4;2;4;4;4;2;2;2;4;4;3;4;4;3;3;3
"FA20_KGJ4VFW9GMFU";3;3;4;5;3;1;2;3;3;2;3;4;3;2;4;2;4;3;1;2;3;2;2;1
"FA20_KJNP0ADW5PTD";5;1;3;2;5;2;2;4;4;2;3;3;4;3;4;3;4;2;3;1;1;1;2;1
"FA20_KJUUGEII0LOW";6;5;4;4;5;5;3;3;3;3;3;3;4;3;3;3;3;3;3;3;2;2;2;3
"FA20_KL4TVICVCTZZ";4;5;7;6;7;7;4;3;2;4;3;3;3;4;3;3;4;3;2;2;3;1;2;3
"FA20_KLAKFOWSDRHV";6;2;4;4;3;3;2;3;3;2;4;4;3;2;3;3;5;2;4;3;2;3;1;5
"FA20_KLXPNKO41BPR";6;6;7;5;1;6;3;4;4;3;4;4;4;2;4;1;3;5;2;4;4;1;2;2
"FA20_KMYGEVU54USC";2;5;6;6;3;4;3;4;4;1;3;4;4;1;4;1;3;4;3;3;5;2;2;3
"FA20_KN08O2NCP41J";3;4;5;6;6;6;3;3;3;3;4;3;4;3;3;1;3;5;1;4;5;2;1;4
"FA20_KO1LUKTGUKLE";6;1;4;1;1;1;4;3;3;3;2;2;3;4;3;1;5;2;3;2;3;2;3;2
"FA20_KPM312Z71WOJ";5;5;3;3;5;3;3;2;4;2;3;3;3;2;3;2;2;4;2;4;2;3;3;3
"FA20_KS0QFO1NPBNP";6;4;3;2;5;3;3;4;4;3;4;3;3;3;4;1;3;3;3;2;3;1;1;1
"FA20_KUUAZ46Q47WC";3;3;6;3;4;2;2;3;4;3;4;4;4;2;2;2;3;4;2;3;1;3;2;3
"FA20_KW5OZOV2GXZX";6;5;3;5;5;3;3;3;3;2;4;3;3;3;3;2;4;3;3;4;3;1;2;3
"FA20_KYB5V8KMBFO1";7;2;2;5;6;1;3;3;3;2;3;4;4;3;4;3;4;4;4;3;5;1;1;2
"FA20_L0C9EHNMCXA7";4;3;5;6;2;1;3;2;3;3;3;3;3;3;3;2;4;3;3;3;4;5;3;3
"FA20_L2CL1UU0UHZU";4;5;4;5;5;5;3;2;3;3;3;3;3;3;3;3;3;3;2;3;1;3;3;3
"FA20_L3ZZINXQEB8L";3;6;5;6;5;5;2;4;4;3;4;3;4;1;4;1;2;5;1;4;3;2;2;3
"FA20_L4I4KPAPCLDB";3;5;5;5;5;5;3;4;4;2;4;4;3;2;3;2;2;5;2;4;4;2;2;2
"FA20_L4ZOO92NQ6P6";7;1;4;4;4;4;2;1;1;3;2;2;2;3;1;1;1;1;1;1;2;1;2;1
"FA20_LC6C626SJ30E";6;4;5;5;5;6;3;4;3;2;4;3;3;1;3;2;4;4;3;1;3;3;3;1
"FA20_LDHT41N7T2AY";4;6;5;6;5;3;3;2;4;2;4;3;3;3;4;2;4;2;3;3;2;4;3;2
"FA20_LE3M988AYACN";3;6;5;7;6;6;3;4;3;3;4;3;4;3;2;2;3;5;3;4;3;2;3;3
"FA20_LKF8ICHFRE83";6;4;4;4;4;2;3;3;3;3;3;3;3;3;2;2;5;4;3;2;1;2;3;2
"FA20_LLA8C58C0XY2";7;2;3;3;5;3;4;2;2;3;2;2;3;4;1;2;5;3;3;2;1;1;1;1
"FA20_LLVI4RBUU2BS";4;5;5;6;5;2;4;3;3;3;2;3;3;4;3;2;1;2;3;2;2;2;2;2
"FA20_LMHB72O8VAC5";6;4;4;5;5;4;3;3;3;3;3;2;3;3;3;2;4;3;3;2;3;1;2;3
"FA20_LOXC31WSWH33";4;2;5;1;6;1;4;3;3;3;3;3;3;3;2;3;4;3;5;1;3;2;1;3
"FA20_LR58AWLU3UOP";4;6;6;7;7;5;2;4;4;3;4;4;4;2;3;2;4;5;3;4;2;2;1;2
"FA20_LR8D5AE3ZBZY";7;1;5;5;2;1;3;2;2;3;2;2;1;3;2;2;5;3;5;2;2;1;1;1
"FA20_LRCQNCT7Q0NL";2;2;3;1;1;2;2;3;3;1;3;2;2;2;4;1;2;2;1;3;3;3;2;2
"FA20_LVSMT2S6LFTL";3;6;6;6;4;3;3;4;4;3;4;4;4;3;3;1;4;3;2;4;5;3;3;2
"FA20_LW2KJBD5EUS3";7;5;6;6;5;3;2;4;4;2;4;4;4;2;4;1;1;5;2;5;4;1;1;3
"FA20_LW6V6O1WYSZL";6;6;6;6;7;6;2;3;4;2;4;3;3;2;4;1;2;5;1;3;3;4;3;1
"FA20_LWX7A80A9ADY";4;6;6;6;6;6;3;1;2;3;2;2;2;3;2;1;3;3;2;3;1;1;2;1
"FA20_LX8BP1850N1W";4;6;6;6;6;5;3;3;3;2;3;3;3;2;3;1;3;3;2;2;3;5;4;3
"FA20_LY1AQJRCU9WK";4;1;4;4;6;2;2;3;2;4;2;3;3;4;3;4;5;2;4;3;2;1;2;3
"FA20_LYD5I751CJEG";7;5;5;5;6;3;2;4;4;2;4;3;4;3;4;2;3;4;3;5;2;1;2;1
"FA20_M0AVSJPPH244";6;4;5;5;4;5;3;3;3;2;3;3;3;2;4;2;4;5;2;3;3;2;1;2
"FA20_M0TZXEM2LRUF";6;5;5;5;5;4;2;3;4;3;4;3;3;4;3;3;4;2;3;2;2;3;2;3
"FA20_M0UL1LG2ZYWO";4;2;2;2;3;3;3;2;3;4;3;2;3;3;2;1;1;3;2;1;4;5;1;4
"FA20_M1TOAA28Y1B1";4;5;5;4;5;2;3;3;4;2;4;3;3;3;2;2;4;2;3;2;1;2;3;3
"FA20_M1U2JUOEEPA0";5;4;5;5;6;5;3;2;4;3;3;3;3;3;2;1;3;4;3;3;4;2;2;3
"FA20_M23S6QOQCA6W";5;3;3;3;5;6;3;3;2;3;4;3;3;3;4;1;3;3;3;2;2;1;2;2
"FA20_M2ENVF1RY3DH";6;3;3;4;3;5;3;3;4;3;4;4;4;3;3;1;5;4;3;4;2;1;2;4
"FA20_M399XKOZA1YQ";4;3;6;3;5;1;3;4;4;2;4;4;4;2;4;2;2;3;2;1;2;2;2;1
"FA20_M71OBT45EJ8B";2;5;6;5;5;3;4;3;3;4;3;3;2;3;2;1;4;3;4;3;2;3;4;4
"FA20_M7CTNQ3QW9JN";1;3;3;4;5;6;2;3;4;1;4;4;4;1;3;3;4;3;2;3;1;3;3;3
"FA20_M7Q99AEWT1M3";6;3;4;2;4;3;3;3;2;4;2;2;3;3;3;3;4;2;4;2;1;3;2;2
"FA20_M8OF23O42T1G";6;2;4;4;5;4;3;3;4;2;4;3;4;3;4;1;4;3;4;3;3;2;2;2
"FA20_MAMM5JI2A6NK";6;5;6;6;6;4;3;4;4;2;4;3;4;2;4;3;2;4;3;4;1;3;2;3
"FA20_MAS5V8YZPUW3";4;5;5;5;5;4;3;3;2;3;2;2;3;3;2;1;4;3;2;2;2;2;3;3
"FA20_MC1XRSVCCSV6";4;6;5;5;7;4;3;3;3;3;3;2;3;3;2;2;3;3;3;2;2;2;3;2
"FA20_MCGDJXD4IF2E";5;1;1;2;4;2;3;3;3;2;3;3;2;3;3;2;4;1;4;1;2;2;1;1
"FA20_MJARZ4AYEDZV";3;6;6;7;6;5;2;4;4;2;4;4;4;2;4;2;2;5;1;3;4;2;3;2
"FA20_MK3ERVMG9B31";5;3;6;5;5;3;3;3;3;2;3;3;4;2;3;2;3;3;1;3;3;2;2;3
"FA20_MKHE2260V697";6;5;5;6;5;4;2;3;3;3;2;3;3;3;2;1;3;4;3;3;4;2;3;2
"FA20_MKNJQI1VM38O";6;5;6;6;6;6;3;3;3;3;3;3;3;3;4;2;2;3;2;3;3;2;2;1
"FA20_MLF1O3733RW7";4;6;5;6;5;4;2;4;3;1;3;3;3;1;4;2;2;5;1;4;4;1;4;3
"FA20_MLXLFZKEWJ5E";3;3;2;5;3;5;3;3;4;3;4;4;4;3;4;1;4;4;2;3;2;1;3;1
"FA20_MPNTOV55T1RF";2;6;6;6;6;3;2;4;4;3;4;3;3;3;3;3;4;4;3;2;3;4;3;3
"FA20_MQAXZYO2OU0H";5;6;6;5;6;6;3;4;4;3;4;4;4;2;4;1;1;5;2;4;3;2;3;3
"FA20_MQYZO6839IRX";5;5;5;3;6;2;3;4;4;3;4;3;4;3;3;3;5;4;3;4;2;2;3;3
"FA20_MRBLJWFHWM37";6;3;3;3;4;6;2;4;3;2;3;3;3;3;3;1;3;3;4;2;3;2;2;2
"FA20_MS9MDTLEPRF9";5;3;5;4;3;3;3;3;3;3;2;3;2;3;3;1;2;4;2;3;4;2;3;4
"FA20_MSPQINYD3LPA";5;7;5;7;7;3;3;4;4;2;4;1;4;2;4;5;4;5;5;5;5;2;5;4
"FA20_MTEA7D08PPPI";7;5;5;6;3;4;3;2;2;2;4;2;1;3;2;1;2;2;1;2;5;2;3;1
"FA20_MWK506G5WS50";6;5;6;6;6;5;2;4;4;2;4;4;4;2;4;1;3;4;2;3;2;2;2;2
"FA20_MYNLLWKMP27K";5;5;5;6;6;7;3;3;3;1;3;4;3;2;4;1;2;5;1;5;5;1;1;1
"FA20_MZWKTTHZHL6F";5;3;6;5;5;3;3;3;3;4;4;3;3;2;3;1;2;4;4;3;2;2;3;3
"FA20_MZZ7DYQXI3IK";6;5;5;5;7;5;3;3;2;4;1;3;2;4;3;1;3;3;1;3;3;5;1;2
"FA20_N1CIWG41YJ05";5;1;4;3;2;2;2;3;3;2;3;3;3;2;3;3;4;3;3;3;3;3;2;2
"FA20_N1UMYJQWH0NJ";5;5;5;5;6;2;2;3;4;2;4;4;4;1;4;2;4;4;2;4;3;4;3;3
"FA20_N58CLCUNAKP4";7;3;5;5;5;1;4;3;3;3;3;3;3;4;3;2;3;2;3;1;2;1;2;4
"FA20_N58XP8W5J1MM";4;5;5;5;4;2;3;3;3;4;3;3;3;3;3;1;3;4;1;3;2;3;3;3
"FA20_N7MVALVPXH4A";7;5;5;5;5;3;1;4;4;2;4;3;4;2;2;2;4;3;2;2;1;2;2;2
"FA20_N9C183L8Z7JC";6;6;5;6;5;1;3;4;4;2;4;4;4;2;4;4;5;5;2;4;2;1;3;2
"FA20_N9MXA0XMPY7D";4;4;4;4;4;5;2;2;4;3;4;2;3;3;3;1;3;3;1;2;2;1;3;3
"FA20_NB0E63IV19LX";4;7;7;7;5;7;3;3;3;3;3;2;2;4;3;1;4;4;3;4;2;2;3;2
"FA20_NBB14IC4KAUF";3;4;5;6;5;2;3;3;2;3;2;3;3;2;3;2;4;5;2;3;3;2;2;3
"FA20_NCXHZGJOE5GE";5;5;5;4;5;3;2;3;3;3;3;2;3;4;3;3;5;4;3;2;4;2;1;3
"FA20_NG3XMHSODW4Z";5;2;3;3;3;1;4;2;2;4;2;2;2;4;2;2;4;2;3;2;2;1;3;2
"FA20_NG56P668SZBP";NA;NA;NA;NA;NA;NA;NA;NA;NA;NA;NA;NA;NA;NA;NA;NA;NA;NA;NA;NA;NA;NA;NA;NA
"FA20_NH8T9KRBNPVN";7;5;5;5;5;5;2;3;3;3;3;3;3;2;2;2;4;3;2;2;2;1;1;1
"FA20_NI6AU9GUS0G4";7;1;1;1;3;1;4;1;1;4;1;1;1;4;1;3;4;1;5;1;3;5;1;1
"FA20_NJBHWCWA1HJ6";5;2;4;3;2;1;3;3;4;3;3;2;3;4;3;2;4;3;4;2;3;4;2;2
"FA20_NKKEGDRZGN9A";7;3;5;5;6;2;4;3;2;3;2;3;2;3;1;2;3;2;3;1;2;2;1;2
"FA20_NMGMYK26F0K3";7;5;5;6;6;5;3;3;3;3;3;3;2;3;2;1;3;4;2;3;4;2;2;1
"FA20_NNPDRYCMGX5B";5;2;2;2;2;1;3;2;3;2;3;2;3;2;3;2;4;2;3;2;3;2;2;1
"FA20_NP4X1T6JP83V";6;1;4;2;2;3;2;3;3;2;3;3;4;3;3;1;2;4;3;2;3;2;1;1
"FA20_NQY7YO06PF9T";4;6;6;6;6;6;2;4;4;1;4;4;4;2;4;1;1;5;1;5;5;1;1;1
"FA20_NRXINWLMZO8I";6;2;1;2;2;1;3;2;3;4;3;2;2;4;1;2;3;1;2;1;4;2;3;2
"FA20_NS9PCHY9HJ9V";6;5;6;5;6;5;3;2;2;3;3;3;2;3;3;1;3;3;2;2;3;1;1;1
"FA20_NSGEBEALMRTZ";5;4;4;5;5;3;4;3;3;2;2;4;3;3;3;1;3;2;4;2;2;1;1;1
"FA20_NT2BX382P3I2";3;6;6;6;6;6;1;3;4;2;4;4;4;2;4;1;3;4;1;3;3;3;2;5
"FA20_NUZW4DJ2XVPD";4;3;5;4;3;2;3;2;3;2;4;2;3;2;4;2;3;4;1;2;5;3;3;2
"FA20_NV7NOZJFK6BJ";6;4;5;6;5;3;3;3;3;2;3;3;3;2;3;1;1;3;1;2;4;1;2;1
"FA20_NX3Z9VJ7DRLP";4;7;6;5;6;7;1;3;3;4;4;3;2;4;2;2;3;4;3;4;5;3;3;3
"FA20_NXP8TNKD9GL0";5;6;6;6;6;6;2;3;4;2;4;4;4;2;4;1;1;5;2;4;4;2;1;3
"FA20_NZTLZ3OVMX8P";6;3;3;2;3;2;3;3;3;3;4;4;3;3;4;2;4;3;5;4;2;2;3;2
"FA20_O2KMWVSOY7IV";7;3;2;3;1;2;4;1;2;4;3;2;2;4;2;1;3;2;2;2;3;2;2;1
"FA20_O4GFHD95X1EP";5;6;6;7;6;6;2;4;4;2;4;4;4;2;3;1;1;5;2;4;3;1;2;2
"FA20_O4KV8V3A2W0I";4;4;4;5;5;7;3;2;2;3;2;2;2;3;2;3;4;4;2;2;3;3;2;4
"FA20_O5KHIBBZY45C";2;5;6;5;6;2;3;4;3;4;4;3;3;4;2;2;2;3;4;2;2;2;2;3
"FA20_O5OGAVXX5JOM";7;5;4;5;3;3;2;3;4;2;4;4;3;2;4;1;5;4;1;3;2;2;2;2
"FA20_O68ZFNEWNF6A";6;3;5;5;5;2;2;4;4;1;4;4;4;2;4;2;2;5;1;5;5;4;1;1
"FA20_O7IWBC5MN1II";3;2;2;2;3;1;4;3;2;3;2;2;2;3;3;3;4;3;4;2;2;2;1;2
"FA20_O7XHBHQVMUO3";4;5;2;3;4;2;3;3;4;2;4;4;4;4;3;2;4;3;3;2;2;3;1;3
"FA20_O93DEXNGN94H";3;5;5;5;6;6;2;3;2;3;2;3;2;2;4;3;5;3;3;2;2;2;2;3
"FA20_OAA1SWV1EZGL";6;7;5;5;5;3;4;4;2;3;3;4;3;3;4;4;5;4;3;3;3;3;4;2
"FA20_OAU3IPVWRX7Y";6;3;4;3;4;4;4;3;4;4;4;3;4;3;3;3;3;2;5;2;2;3;2;3
"FA20_OBPMXIG0DHYS";7;5;3;5;5;5;2;4;4;2;4;4;4;2;4;1;5;4;1;3;2;3;2;4
"FA20_OCTZGAW0Y65M";6;4;4;3;4;4;3;3;3;4;3;3;4;4;3;3;5;3;3;3;2;2;1;2
"FA20_OCZTZELPJ9Q1";3;5;6;5;5;3;2;3;4;2;4;3;3;2;4;1;2;5;2;4;4;2;3;2
"FA20_ODAKJYFFQK8T";4;5;7;6;6;2;4;1;1;4;1;1;3;3;2;3;4;2;1;3;2;2;4;1
"FA20_ODLISU7ZNRJB";4;5;5;6;5;6;3;3;4;2;3;3;4;2;3;2;4;4;2;3;3;2;4;2
"FA20_OGXYISDVWR3T";4;6;5;7;6;7;2;4;4;2;4;4;4;3;4;3;5;5;4;5;2;2;2;3
"FA20_OIWQW66T6GWF";6;6;6;6;6;3;2;4;4;2;4;4;3;2;4;2;3;3;2;3;3;3;3;1
"FA20_OJ6IBN1SERSF";5;3;3;4;3;4;3;3;2;3;2;2;3;2;3;2;4;3;2;3;3;3;3;2
"FA20_OKDUD8E0KOY7";4;2;2;2;2;3;4;3;2;3;3;3;3;2;2;3;2;3;4;2;4;4;3;2
"FA20_OKM2X32HGJW5";7;5;5;5;3;6;3;4;3;3;3;2;3;4;3;3;4;3;2;4;1;2;1;2
"FA20_OKOW8Y4Y25Q7";5;2;4;2;2;1;3;2;3;3;3;3;2;3;3;1;5;3;2;3;1;2;2;2
"FA20_ONXPBM7709WW";5;2;5;5;5;5;4;2;3;4;3;3;3;4;2;1;3;5;2;4;5;2;2;4
"FA20_OO5OFP9DKUIG";7;3;3;5;4;5;3;3;4;3;3;3;3;3;2;2;4;2;5;2;3;2;3;2
"FA20_OOTOJ6UDA6VL";6;4;6;6;6;6;2;4;2;2;2;4;3;3;4;1;1;4;3;3;4;1;2;3
"FA20_OQ63F2CJ0NJT";7;5;5;5;7;4;3;3;3;3;3;3;2;3;4;1;4;5;4;3;2;2;1;1
"FA20_OQBJ7QG1EPRS";6;5;4;4;4;2;3;3;4;3;4;3;3;3;3;3;4;3;2;2;2;3;3;1
"FA20_OR4ZWH416ZID";3;6;6;6;6;5;2;4;4;2;4;4;4;2;4;1;3;4;1;3;2;3;4;4
"FA20_OUBGBNCG1TTF";4;2;3;2;3;1;3;3;3;3;3;3;3;3;3;2;3;3;2;2;2;2;2;1
"FA20_OUY7YO6T8FJT";7;5;5;4;5;4;3;3;3;3;4;3;3;3;2;2;4;3;3;2;2;3;2;4
"FA20_OVZJGB4DINX4";4;3;3;4;4;1;3;2;3;4;3;3;2;3;3;2;4;4;1;3;3;4;2;3
"FA20_OY4JGBJPSLTF";5;5;6;6;6;6;3;3;4;3;3;3;3;3;4;1;2;4;2;3;5;4;3;1
"FA20_OY9GA9S7LCP2";4;3;5;5;5;5;2;4;2;2;3;4;4;2;3;3;5;3;4;3;1;3;3;3
"FA20_OYF96TWDI865";5;3;4;2;2;3;1;3;4;1;4;4;4;1;3;2;5;3;2;2;1;4;4;1
"FA20_OYMOQY0TKJ99";3;4;4;5;5;7;2;2;3;2;4;4;3;3;4;1;4;4;4;4;4;3;3;3
"FA20_P1TGDUU8ZVLR";6;2;1;2;3;2;3;2;2;3;2;3;3;3;2;2;4;3;3;2;3;3;3;2
"FA20_P23WR7CMHDDO";5;5;6;6;3;5;2;3;4;2;4;3;3;2;4;2;2;3;1;4;5;2;3;2
"FA20_P32BHN9ZHG99";6;5;5;6;5;6;3;3;3;2;3;4;3;2;3;2;3;4;2;3;4;3;2;3
"FA20_P45EI5I72MH5";7;2;5;1;2;3;3;2;2;3;3;2;3;3;2;1;4;3;3;3;2;2;1;1
"FA20_P4HQ1QC2R1ZS";3;5;6;6;5;4;4;4;3;3;3;4;4;3;4;2;2;4;5;3;4;3;2;2
"FA20_P5PK3NWWMAK0";4;3;6;3;3;5;2;3;4;3;4;3;4;2;4;2;1;4;2;4;3;1;2;3
"FA20_P8RDCLW9P6SQ";4;1;2;2;5;5;4;3;3;2;3;3;3;4;2;3;5;2;4;1;3;3;2;2
"FA20_P8YTJ8Z8BX9F";2;2;2;1;2;1;4;3;2;4;2;2;1;3;3;2;3;3;3;2;2;2;3;2
"FA20_PBCO5PT92IF7";6;3;7;5;5;5;3;3;3;3;2;3;3;3;2;2;3;4;4;1;3;3;3;2
"FA20_PBMZFBO3RQMF";7;2;5;1;1;2;4;2;2;4;2;3;2;4;4;4;2;2;4;2;2;1;2;1
"FA20_PDLOA78HFB5S";6;1;1;1;2;1;3;3;3;3;3;3;2;3;2;2;5;4;5;5;5;1;3;2
"FA20_PDOGMYU669K1";6;2;6;4;3;2;3;3;4;4;3;2;2;4;2;2;3;4;3;4;5;2;2;2
"FA20_PEBARMZ4TXUL";5;3;6;6;5;2;4;3;2;3;3;3;2;3;2;2;4;4;3;2;3;3;2;2
"FA20_PGMTU99K9IKY";6;6;5;6;6;5;3;4;4;2;4;4;4;2;4;2;5;5;2;4;3;2;2;3
"FA20_PHMSB261RXJ2";6;2;1;5;3;5;4;2;2;4;2;2;2;3;3;2;5;1;4;2;3;2;2;2
"FA20_PI9Z0PSXLREI";5;5;7;5;6;5;4;3;3;4;3;2;3;3;3;1;3;2;2;1;2;2;1;3
"FA20_PIPJ6IDWUJT8";6;6;5;4;6;5;3;3;3;3;4;3;3;3;2;2;4;3;3;2;2;2;3;2
"FA20_PKLUWJ04XTOB";7;3;4;5;4;4;3;3;3;4;3;3;3;2;3;2;4;3;3;2;2;2;2;3
"FA20_PM5KI3I95929";6;5;5;6;6;7;4;3;4;3;4;3;4;3;3;3;5;4;4;4;3;2;3;2
"FA20_PMBBB66IPQMR";4;6;6;6;6;6;2;3;4;3;4;4;3;2;3;1;1;5;2;4;4;3;2;3
"FA20_PN0TL017BLEC";5;5;5;6;4;4;3;4;4;2;4;3;4;2;3;2;3;4;2;3;3;2;2;3
"FA20_PNCXAA5E7NJP";7;5;4;6;3;4;2;3;3;2;3;3;2;3;3;3;3;5;2;3;4;1;1;1
"FA20_POVI01M5RZQT";6;3;2;3;4;1;3;2;3;3;3;3;2;3;3;1;4;3;1;2;3;3;2;1
"FA20_PPVYO3Y0RGSX";5;3;6;5;3;3;3;3;2;3;3;3;2;3;3;4;3;3;2;3;3;2;1;1
"FA20_PRLBB7GPQR3H";7;5;6;2;3;1;3;2;3;2;3;3;3;3;3;2;4;2;3;3;2;3;2;2
"FA20_PS9BAMZ7BSQ7";4;5;4;4;3;3;3;3;2;3;3;3;2;3;3;1;2;4;2;3;2;3;2;3
"FA20_PSZNCK2LJ13Z";6;2;5;3;5;2;2;3;3;2;4;3;3;2;3;2;5;3;5;2;2;3;2;1
"FA20_PT2YHP0OSIG6";3;6;6;6;6;3;2;4;4;2;4;3;4;2;4;2;2;4;1;4;4;2;3;3
"FA20_PV88HH5S4KRM";6;6;6;6;6;5;3;3;4;3;4;3;3;3;3;2;3;4;3;5;3;2;1;4
"FA20_PY4FNU500GHJ";6;1;6;2;3;1;4;3;3;3;3;2;2;3;3;3;4;1;5;1;2;4;2;4
"FA20_PYSFV8GN1CE7";5;2;3;5;3;2;1;3;3;1;2;2;3;4;3;3;4;3;3;1;1;1;2;3
"FA20_PZUG7CRADML1";6;6;6;4;4;6;3;4;4;2;4;4;4;2;4;2;1;4;2;5;1;1;1;1
"FA20_Q1I4E9LAVR4H";5;3;7;1;1;1;4;2;2;4;3;2;1;4;2;5;5;3;5;3;5;3;2;3
"FA20_Q4BAG69ZCVOM";2;3;6;3;3;3;4;2;3;4;3;3;2;3;3;1;2;2;4;2;3;3;3;3
"FA20_Q7XR7GEOBW04";4;6;6;6;4;2;3;3;2;4;4;3;3;4;3;3;5;3;3;1;2;1;3;4
"FA20_QA5IIY3AV0OA";5;5;6;6;6;7;2;4;4;2;4;4;4;2;4;1;3;5;1;5;4;3;3;4
"FA20_QBDGL5404TFG";5;2;6;5;5;3;2;3;2;3;3;3;3;3;2;4;5;4;4;3;2;3;2;2
"FA20_QBFVI3SX4GD3";5;1;1;5;2;1;1;3;4;2;4;2;3;1;4;4;5;4;2;1;2;2;1;1
"FA20_QBRMAPUN0UX1";6;5;5;5;5;5;2;3;3;2;3;3;4;2;3;2;5;3;3;3;2;2;3;2
"FA20_QCEH176VW734";2;4;5;5;5;5;4;1;1;4;2;2;1;4;2;2;4;4;3;4;2;3;4;3
"FA20_QDREO97610CL";6;4;6;6;5;6;3;2;4;3;4;2;3;4;3;2;4;3;3;3;3;1;2;2
"FA20_QESXAK55DFH6";4;5;7;6;2;2;3;3;2;3;2;2;3;3;3;2;5;4;3;2;2;3;2;3
"FA20_QFRB3S11Q41Q";7;5;5;6;6;2;2;4;4;2;4;4;4;2;2;5;1;5;3;1;4;3;3;2
"FA20_QFXPFS2W3EN6";6;6;6;6;5;5;2;3;4;2;4;4;3;2;4;2;4;4;2;3;2;4;4;3
"FA20_QGUTEH7SRCRR";7;3;4;2;3;1;4;2;3;4;3;2;2;4;3;3;5;2;5;2;3;2;2;2
"FA20_QHEFS542A6MM";3;4;5;6;5;6;3;4;4;2;4;3;4;2;4;1;1;5;1;4;5;2;3;3
"FA20_QHSHV4RNHL23";7;1;6;6;7;5;3;2;3;3;4;2;2;3;3;5;5;2;5;2;3;1;1;1
"FA20_QJ0LQCNDOVOU";6;6;6;6;7;5;3;2;3;2;3;2;3;2;3;1;5;4;3;3;2;2;2;1
"FA20_QKVJQYO43A47";6;2;6;3;2;3;3;3;2;2;3;3;3;3;4;3;5;2;5;2;2;2;2;1
"FA20_QMC3L6PBL2YZ";5;5;6;6;4;3;2;4;4;2;4;4;3;3;4;1;3;3;1;2;4;3;2;2
"FA20_QMQCNOLJPP3H";3;3;5;6;5;3;3;3;4;3;3;4;3;3;3;2;4;3;2;3;2;2;1;4
"FA20_QOYLFAWOD3NW";3;2;2;2;2;2;3;3;4;2;4;3;3;4;4;3;5;3;4;2;2;3;3;2
"FA20_QQ72JKP8R2SQ";7;5;5;6;6;5;2;3;3;2;3;3;3;3;2;3;4;3;3;2;2;2;3;3
"FA20_QROZNGYFB5AW";4;5;6;6;5;5;3;3;2;4;3;3;3;4;3;1;4;4;2;3;2;3;2;3
"FA20_QSTQSS3AI40S";7;3;2;5;3;5;3;4;3;4;3;3;3;4;2;4;3;3;3;1;1;2;1;1
"FA20_QTA6CPPVST3S";6;2;6;3;3;6;4;3;3;2;3;2;2;3;3;2;4;3;3;2;2;2;1;3
"FA20_QTXOM6KCRH5Z";5;6;6;7;7;7;1;4;4;1;4;4;4;1;4;1;1;5;1;5;5;1;1;1
"FA20_QYB68S38W0BS";5;6;6;5;2;6;3;4;3;3;4;3;3;3;3;1;4;3;2;2;2;2;2;2
"FA20_QZNOZS1HZ3SK";7;4;5;6;2;1;4;1;3;4;3;2;3;4;3;3;5;4;4;4;2;1;1;1
"FA20_QZX3ZSSFSQ0C";5;2;3;2;5;1;4;2;2;4;3;2;3;4;3;3;3;3;3;2;2;2;2;2
"FA20_R01EE4A2TXUT";5;5;3;3;2;2;2;3;3;2;4;3;3;2;3;3;5;3;1;3;4;3;3;5
"FA20_R3W1490CEGQ7";6;3;5;3;5;2;3;3;3;3;4;2;3;3;3;2;5;2;5;2;3;2;2;3
"FA20_R64H22C15149";7;3;5;5;5;2;3;3;4;2;4;4;4;3;4;2;2;5;3;3;3;1;2;2
"FA20_R6W9TBWT34WF";2;2;3;1;3;1;3;3;4;2;4;3;2;3;3;1;4;2;3;1;1;2;1;1
"FA20_R7K408JV0A6I";5;6;5;6;6;6;3;4;3;2;3;2;3;2;3;1;5;3;3;4;2;2;2;2
"FA20_R81LGG6K4I3W";5;5;4;5;5;3;1;3;4;2;4;3;3;2;4;1;5;5;1;3;2;3;2;4
"FA20_R94ZAT2PXRRN";4;1;7;2;2;1;4;1;3;3;3;2;2;3;4;3;5;2;4;3;1;2;1;3
"FA20_RA48ONPK2CQI";3;2;5;5;3;1;3;4;4;2;4;4;4;2;4;1;1;4;2;5;5;3;1;1
"FA20_RBXABO5QVHAQ";5;6;5;5;5;5;3;3;3;3;3;3;3;3;3;1;3;4;2;3;4;3;3;3
"FA20_RC2GGPA3SKKB";3;2;5;2;7;2;3;3;4;4;4;3;2;3;2;1;3;3;3;3;3;3;3;3
"FA20_RCX1U2V2QQY6";6;3;5;4;3;4;3;2;3;3;4;2;3;4;3;2;4;3;2;1;1;2;2;3
"FA20_RDISQ0DWMHTX";6;4;4;4;4;4;3;3;3;3;3;3;3;3;3;3;3;3;3;3;3;3;3;3
"FA20_RIC2KKLTDYFZ";6;3;3;3;5;5;3;4;3;3;3;4;4;3;4;1;5;2;5;2;2;1;1;3
"FA20_RJEUTOA0RE67";3;4;6;6;3;5;1;4;4;1;4;4;4;1;4;2;1;5;1;5;3;3;1;3
"FA20_RJMVWE1J2AH6";3;4;5;5;3;6;3;3;3;3;3;2;3;4;2;3;4;4;5;3;2;2;3;1
"FA20_RJSX4XACVQ96";4;4;4;4;4;4;3;3;3;3;2;3;3;3;3;2;2;2;2;2;2;2;2;2
"FA20_RK3GFJYY8ATN";3;6;5;7;7;7;2;4;4;2;4;4;4;2;4;1;2;5;2;3;3;3;2;3
"FA20_RLDIU8C8VEBD";4;6;6;6;6;3;2;3;2;4;2;2;3;3;3;1;1;4;1;3;5;2;3;3
"FA20_RLY5LN4ZL35N";5;2;3;1;1;2;4;2;1;4;1;2;2;4;2;2;4;1;5;2;3;2;3;2
"FA20_RM1TWEXX6QFX";6;4;4;3;2;3;3;3;3;2;3;4;3;3;3;2;3;4;3;4;3;2;2;2
"FA20_RN8PNALHSGZC";6;5;5;5;6;6;3;3;4;3;4;4;4;3;4;3;3;3;3;1;2;3;2;3
"FA20_RO2PYJM6TOLM";4;6;7;6;5;5;2;3;4;2;4;4;4;3;3;1;2;5;2;4;2;2;3;3
"FA20_RO6SN3584MFO";7;1;1;1;1;1;4;2;2;4;2;2;2;4;2;3;5;1;5;1;1;2;2;3
"FA20_RO9PLQ4JV2YI";6;4;2;2;4;1;2;1;1;2;2;1;1;4;3;5;5;2;5;1;1;1;1;2
"FA20_RONLPC2YX45I";4;5;6;5;5;6;3;3;2;3;3;3;3;3;2;2;3;4;3;2;3;2;1;3
"FA20_RS4U7RE5N3F0";6;3;3;3;5;1;3;3;3;4;2;3;3;4;3;2;4;2;2;1;2;3;3;3
"FA20_RSWTH6SGCNF2";3;5;5;6;6;3;2;4;4;3;4;4;4;2;4;2;4;5;4;4;3;2;3;3
"FA20_RTCGLY65P9WV";5;2;4;3;4;1;3;2;4;2;4;2;3;3;2;1;3;3;2;1;3;2;3;1
"FA20_RUHEX6B14QYN";4;5;5;6;6;6;3;4;4;2;4;3;3;2;4;3;2;4;2;3;3;2;2;2
"FA20_RUIRIDZUL13H";5;3;5;5;4;2;3;2;3;3;3;2;2;4;2;3;5;3;4;3;2;1;1;2
"FA20_RZSSLVYW3ZAZ";5;3;3;3;4;5;3;3;4;1;4;3;3;3;4;2;2;2;2;2;4;2;1;2
"FA20_S15ZJ2AWU62Z";5;3;5;4;3;2;3;2;3;3;3;3;3;3;2;2;2;3;2;2;3;3;2;2
"FA20_S31L15EWA7RW";6;4;3;5;3;5;3;3;4;3;4;3;2;2;2;1;2;4;3;3;3;2;2;1
"FA20_S35MEI90TOXE";2;6;6;6;6;5;4;3;3;3;3;3;3;3;3;2;3;4;2;4;4;2;1;2
"FA20_S73O0XJATOXC";6;6;6;6;6;4;3;2;3;2;3;4;3;3;1;2;5;4;3;1;2;1;2;1
"FA20_S7LV1YIG6WRG";6;1;5;2;3;7;4;3;3;4;3;3;3;3;1;2;5;4;5;2;2;1;1;1
"FA20_S8PSGVQP866B";6;2;1;2;3;2;4;3;3;3;3;3;3;3;4;3;4;3;3;3;2;1;2;3
"FA20_S99PMGP7IYPV";6;2;2;2;3;1;1;3;3;2;3;2;2;1;3;1;3;3;4;2;2;2;2;1
"FA20_SBNV0HK4HXNQ";6;2;5;2;2;2;3;3;3;3;4;3;4;2;3;3;3;3;4;1;1;2;1;2
"FA20_SDLPGR7CJKAG";6;3;3;5;7;2;4;3;3;2;3;3;3;3;4;3;3;2;4;3;2;1;3;3
"FA20_SG866F1KR0FR";5;3;5;3;7;5;3;3;4;3;3;3;4;3;2;3;2;4;3;4;2;1;2;2
"FA20_SHLKPUFXZHUG";4;5;6;7;7;5;2;4;4;3;3;3;3;2;3;2;3;4;3;2;5;1;3;2
"FA20_SI9KMXLM53JD";4;3;5;2;5;5;3;3;3;3;3;3;2;4;3;1;3;3;2;2;3;2;3;3
"FA20_SK0ACWOZYRWE";3;2;3;4;4;2;4;2;3;4;3;1;2;4;2;4;4;2;4;2;2;2;2;4
"FA20_SKUF6VFTOFAK";6;5;5;5;4;4;3;3;3;3;3;3;3;2;3;1;4;2;3;2;2;2;3;2
"FA20_SLRQEEHUQI1F";6;5;6;3;5;2;3;3;2;3;4;3;2;3;3;2;5;3;3;3;1;2;2;1
"FA20_SNXEA7R10X5Y";5;2;5;3;5;6;2;4;4;2;4;3;4;2;4;1;3;5;1;4;4;2;3;1
"FA20_SOJBJA7UU63W";5;3;6;5;6;1;4;3;3;3;3;3;3;4;3;2;3;3;4;3;3;3;2;3
"FA20_SS8XQC2CH9CS";5;2;6;5;5;2;3;4;4;2;4;4;3;3;4;2;4;4;3;4;5;4;2;3
"FA20_ST8X27QBZ0YJ";5;2;2;4;2;2;3;3;3;4;2;3;3;3;3;5;5;2;5;2;2;1;1;1
"FA20_SUXGED4RPW1T";6;5;5;2;5;3;4;1;3;4;3;2;2;4;2;3;5;1;3;2;3;2;3;1
"FA20_SVFBBQD0XAFS";6;6;5;6;6;3;1;4;4;2;4;4;4;1;4;2;4;5;2;5;3;1;1;2
"FA20_SW6UACJMJMQQ";6;3;5;5;3;7;4;3;3;4;3;3;2;3;2;2;5;4;3;4;2;2;2;1
"FA20_SX11UUN9SBPU";5;7;6;6;6;4;2;4;4;2;4;3;4;2;4;1;5;4;3;4;3;1;2;1
"FA20_SX4DDIDUX8XM";7;2;2;3;5;2;4;2;3;4;3;2;2;4;1;2;4;2;5;2;4;3;2;2
"FA20_T2BP2P4NNTLS";7;5;6;5;6;5;3;3;4;2;4;4;4;2;4;2;2;4;1;2;3;1;1;1
"FA20_T4ZM4F0GP0BP";7;3;4;2;2;2;3;1;3;4;3;1;3;3;1;1;3;1;4;1;1;1;1;1
"FA20_T51DYP8QZNQE";5;6;6;7;6;7;1;3;4;3;4;3;3;3;3;1;3;5;1;5;4;2;3;3
"FA20_T6AB8CH75LZE";4;2;2;2;6;6;1;3;3;1;3;3;4;2;4;1;2;4;1;3;2;2;2;3
"FA20_T7HYZRK76AKW";6;6;5;6;7;6;3;2;3;3;3;3;2;3;2;1;1;4;3;2;2;3;2;1
"FA20_T7ZLJWEVBCLN";5;5;6;6;6;7;2;4;4;2;4;4;4;2;4;1;2;5;1;5;5;2;1;1
"FA20_T8OBCTIXG17O";2;4;6;5;3;2;4;3;3;3;3;3;3;4;4;2;4;3;3;2;1;3;4;4
"FA20_T9Y3XSIM3Q52";6;3;5;6;2;6;3;3;2;2;2;3;3;2;3;2;3;3;3;2;2;1;3;3
"FA20_TAS15M9G62N2";3;6;7;6;7;5;3;2;4;3;4;2;3;3;2;1;2;4;2;4;3;3;2;3
"FA20_TBM4OGLZYN3L";4;4;5;5;4;4;4;2;3;3;4;2;2;3;3;3;4;4;4;2;2;3;2;2
"FA20_TCB46WLW23TU";NA;4;5;5;5;5;NA;NA;NA;NA;NA;NA;NA;NA;NA;NA;NA;NA;NA;NA;NA;NA;NA;NA
"FA20_TE04H92UATXV";6;2;4;5;5;5;3;3;2;4;2;3;2;4;2;1;4;2;3;2;2;2;1;2
"FA20_TFESR7UTZ5JK";5;3;4;5;6;4;3;2;3;3;3;3;3;3;3;1;3;4;2;3;3;2;3;3
"FA20_TFQA33ZVKXFR";5;6;6;6;6;6;3;3;4;1;4;4;4;2;4;2;4;5;2;3;4;3;2;3
"FA20_TGC5F747I0E5";6;5;5;5;5;6;2;3;4;2;4;3;3;2;4;3;3;3;3;4;2;2;2;3
"FA20_THQ8PNIJMRZ8";NA;2;6;5;6;2;3;3;4;3;4;2;3;3;3;3;4;4;2;2;3;NA;NA;NA
"FA20_THXU9GF5ODPH";5;2;2;2;5;1;4;4;2;3;2;2;2;4;3;2;5;3;5;2;2;2;2;2
"FA20_TJCJC3REFFKU";4;3;6;5;6;2;4;3;3;3;3;3;3;3;4;4;4;1;5;2;1;1;3;1
"FA20_TLBI628LVN89";6;2;2;2;2;2;4;2;3;4;2;3;3;4;3;1;3;2;4;2;2;2;2;3
"FA20_TNB17CD2FC35";6;6;6;5;5;2;4;3;2;3;2;3;3;4;2;3;3;3;4;2;3;3;2;4
"FA20_TNGXLIXTPH8Z";4;5;5;5;5;4;2;3;4;2;4;4;4;2;4;1;3;5;2;5;2;1;3;2
"FA20_TNJU6511GDY3";6;4;5;5;5;3;4;3;3;3;3;2;3;4;2;1;4;2;4;2;2;2;3;2
"FA20_TOUXFGNQJ9BK";6;6;6;6;6;3;4;4;3;3;3;2;3;2;3;2;3;5;3;4;4;2;3;2
"FA20_TP0G9XEUW5J6";3;5;5;5;3;3;4;2;2;4;2;2;2;3;1;3;3;2;3;1;3;3;3;1
"FA20_TPS7VILYDVXL";3;6;5;2;6;3;4;4;4;4;4;4;2;3;3;1;5;5;2;5;5;2;3;4
"FA20_TRXQUUTVXG3C";5;5;6;6;6;5;2;3;3;3;3;3;3;2;3;3;3;5;2;3;1;2;3;3
"FA20_TVWIXKA2JMOB";6;5;6;5;6;6;2;3;2;3;3;3;3;2;4;1;5;4;3;1;1;2;3;3
"FA20_TZN50MZN3AK7";5;5;5;5;5;1;2;3;3;2;3;3;2;3;3;1;4;3;1;2;3;3;3;2
"FA20_U0GZRPGZ82DE";6;6;6;7;4;6;3;4;4;2;4;3;3;2;3;1;1;5;1;4;5;2;3;2
"FA20_U0U1E679HM4V";6;6;7;7;7;3;1;4;4;1;4;4;4;1;4;1;3;5;2;5;2;1;3;5
"FA20_U3ZZQHGCWZHG";6;6;5;6;6;4;2;4;4;1;4;4;4;2;4;1;2;5;1;5;3;1;2;1
"FA20_U50A09LJAYP0";6;5;6;6;6;6;3;4;4;2;4;4;4;2;4;2;3;5;3;3;2;2;1;3
"FA20_U5FZTWOKCYU7";5;5;6;6;5;3;2;3;4;2;4;4;3;2;4;3;4;3;3;2;1;2;1;1
"FA20_U8M1IWH2OT9G";5;6;5;6;5;6;2;3;4;3;4;3;3;3;4;1;1;5;3;5;5;2;3;2
"FA20_UBCDYCA0OCDK";3;5;5;5;6;5;3;3;4;3;4;3;3;3;2;2;2;3;3;3;3;2;3;3
"FA20_UBVHTIQ1VZQK";3;4;4;4;4;5;3;3;2;2;2;3;3;3;3;1;4;3;1;3;2;3;3;3
"FA20_UCK5K21J5MXI";4;5;5;5;5;6;2;4;2;3;2;3;2;2;2;2;3;3;3;4;1;2;2;3
"FA20_UD1SAU6TNU9D";5;2;4;4;4;1;3;3;3;3;3;3;3;3;3;2;4;3;4;2;1;2;3;1
"FA20_UE5T3BFRY00W";6;2;5;3;3;2;2;3;2;2;2;3;3;3;4;3;5;4;2;3;2;1;2;1
"FA20_UJJHAA9L7IOJ";5;3;4;4;5;2;2;2;2;3;3;2;2;3;1;3;3;2;1;2;2;3;3;3
"FA20_UMT2A8IY6C0R";5;2;3;2;2;2;3;3;2;3;3;3;3;3;2;2;3;2;2;1;1;2;4;2
"FA20_UMTG2QH5XFWJ";5;2;4;3;4;6;3;3;2;3;2;3;2;3;3;2;2;3;3;2;4;2;2;2
"FA20_UOSNUUH0V08J";NA;4;5;5;5;3;3;3;4;2;4;3;4;2;4;1;2;2;3;1;2;NA;NA;NA
"FA20_UPDNUMS92WMD";4;6;7;7;6;7;2;3;4;1;4;3;3;2;3;1;1;4;2;4;4;4;3;3
"FA20_UPOLG878M1S4";1;6;5;5;5;5;1;4;4;1;4;4;4;2;4;1;1;5;1;3;2;3;2;2
"FA20_UPYGW4IDGSJE";7;2;4;3;6;1;3;3;3;3;3;2;3;4;1;3;5;2;5;3;2;2;3;5
"FA20_UT5PMCAF33DQ";6;2;4;3;5;1;4;2;1;3;3;2;3;4;2;2;4;2;5;2;2;2;2;1
"FA20_UUN2K5YQYDGT";6;5;6;6;6;3;3;3;3;2;3;2;3;3;3;2;2;5;2;3;4;3;3;2
"FA20_UV2VO63UXQSP";6;2;1;4;3;4;3;3;3;2;3;2;3;2;4;2;4;4;1;2;3;1;2;2
"FA20_UVMFMJZ5W329";3;6;5;6;6;6;3;4;3;3;3;4;3;3;2;1;1;4;1;3;5;4;2;2
"FA20_UWOGMQYOUI41";5;1;1;1;1;1;2;3;3;3;3;2;3;3;3;2;3;2;2;1;3;2;2;3
"FA20_UXDQ3X7ZSD7H";5;6;5;6;5;6;3;3;3;2;4;4;4;2;3;1;5;4;2;4;3;1;2;1
"FA20_UZHDNS5PEZ1N";5;5;5;3;6;3;3;3;2;2;2;3;3;2;4;2;4;3;4;2;1;2;2;2
"FA20_V1EIWOSS90HR";5;4;3;5;3;2;4;3;4;3;3;3;2;3;3;1;2;3;2;2;3;2;3;3
"FA20_V2JFGAJR6H82";5;4;4;4;5;3;3;4;4;2;4;4;4;2;4;3;2;4;3;4;5;2;2;2
"FA20_V4KWCQW0MLVF";7;7;6;6;7;7;2;3;4;2;4;4;4;2;4;1;2;5;3;2;3;1;2;2
"FA20_V5W6BN258N3S";4;4;4;5;4;4;3;3;2;3;2;3;3;2;2;1;2;3;1;3;2;1;2;1
"FA20_V6JCLFPQYK90";2;7;7;7;7;7;2;4;4;2;3;4;3;1;4;1;3;4;2;3;4;1;2;1
"FA20_V81KWOHA7DG1";4;6;5;6;6;2;2;3;4;3;4;4;3;3;3;2;3;4;2;2;4;2;3;1
"FA20_V85E0J2ML0AI";4;6;6;6;6;7;2;4;4;2;4;4;4;1;3;2;3;5;2;5;5;3;3;3
"FA20_V983MZBILWY7";6;5;5;5;5;4;2;3;3;2;3;2;3;2;2;2;2;3;1;3;2;3;2;2
"FA20_V9KD1NVD2QFT";6;5;5;5;4;5;3;3;2;4;2;2;2;4;3;1;4;3;2;2;2;2;4;3
"FA20_VD48ANY6B46L";2;5;6;5;4;3;2;3;3;2;3;3;3;2;3;1;2;3;1;3;3;3;2;3
"FA20_VEB1Z0O8R3DU";6;4;4;4;3;2;3;2;2;3;3;3;3;4;2;1;4;3;4;1;2;2;2;3
"FA20_VEMAMVKHUB10";6;1;3;1;1;1;4;2;3;4;3;3;3;4;3;1;5;3;5;2;3;1;1;1
"FA20_VEN5WRRL8H3N";3;5;6;6;6;2;2;4;4;3;4;4;4;3;4;1;3;5;3;5;3;1;3;3
"FA20_VF1CV8G80GTX";4;2;2;2;1;2;4;2;3;3;2;3;3;3;3;3;5;3;3;2;3;4;4;3
"FA20_VG2M51C5SYUV";5;4;6;4;5;2;2;4;4;2;4;2;2;2;3;1;1;4;2;3;3;4;2;2
"FA20_VG7F2FR2PRAG";5;4;4;5;4;2;2;3;4;2;4;4;3;2;4;3;5;4;2;3;4;4;2;3
"FA20_VGUYIVFVIP3X";4;4;6;5;3;2;2;4;3;1;3;3;3;2;4;1;2;3;2;1;5;2;4;4
"FA20_VH48WRAUV72N";6;2;6;3;5;1;4;3;4;4;4;3;3;4;2;2;4;4;4;2;2;2;3;4
"FA20_VIWSWPC4VGL7";7;4;5;2;5;1;4;1;2;4;2;2;3;4;2;3;5;2;5;1;2;3;1;4
"FA20_VIYNHBM9NFE5";6;5;7;7;7;5;2;4;4;2;4;4;4;2;4;1;3;5;1;4;4;3;2;3
"FA20_VJMHABIIZIKT";6;5;5;5;3;3;2;3;3;2;3;3;3;4;3;3;2;4;3;3;2;2;2;3
"FA20_VK0V8Z8PTEEU";4;4;5;5;5;5;2;4;3;3;3;4;3;2;2;2;4;5;2;4;3;3;2;4
"FA20_VMFTJ7O8X6QM";5;2;2;2;2;5;2;4;4;3;4;3;3;3;2;1;3;5;1;5;3;4;1;1
"FA20_VNAFWFKQ9MYY";6;3;5;3;3;3;2;4;4;2;4;4;4;2;4;1;5;4;2;3;1;2;2;3
"FA20_VNUQKCOY7PMX";6;4;3;5;5;2;4;3;4;2;4;4;4;2;4;1;2;3;3;4;1;1;2;1
"FA20_VPJLBEWZY54Q";5;5;5;6;6;4;3;3;4;2;4;3;3;2;4;2;3;4;1;3;4;2;2;3
"FA20_VPXXIVB39G1A";6;2;2;2;3;2;3;3;3;3;3;3;3;3;3;5;5;2;4;3;1;3;3;1
"FA20_VR8A4G310QEP";3;6;6;6;7;6;2;3;4;2;4;4;4;3;3;2;3;4;1;3;3;1;3;3
"FA20_VRQYR1ABOWU0";2;6;6;5;5;2;3;3;4;2;4;3;3;2;3;2;4;4;2;3;2;2;4;3
"FA20_VS5T9UOGP4HP";5;5;6;5;6;5;4;3;2;3;2;3;2;3;4;2;1;3;2;3;3;3;3;2
"FA20_VSMF49VVR2RS";5;4;5;3;2;2;3;3;2;3;2;3;3;3;4;1;2;4;2;3;2;1;3;2
"FA20_VTHAH178OVKW";4;3;5;4;2;6;1;3;3;3;3;2;2;3;3;2;5;2;4;2;2;3;2;2
"FA20_VTHSI9KIOAZH";7;3;4;6;6;5;2;4;4;3;4;4;3;3;4;3;5;4;2;3;3;1;1;1
"FA20_VUR1Q9ZPQ10A";2;6;6;6;5;4;3;3;4;3;4;3;3;3;2;1;4;3;2;3;3;2;3;4
"FA20_VV55CJGPGO8M";5;1;3;3;2;3;3;3;3;3;3;3;3;4;3;4;1;1;5;1;4;3;2;1
"FA20_VVJABDFTID35";4;1;1;1;1;1;2;1;2;4;3;2;2;4;1;1;3;3;5;2;2;1;1;1
"FA20_VWI7866TXH6F";7;5;7;7;6;7;3;2;4;3;3;4;3;3;3;1;2;4;2;5;3;1;1;1
"FA20_VWXTHI2I8WL6";5;5;6;6;4;5;2;4;4;3;4;4;4;2;4;1;2;5;2;5;3;2;4;3
"FA20_VZBX2GH4Y2EA";4;7;4;4;4;3;2;3;3;2;3;3;3;2;3;2;3;4;2;2;4;1;3;4
"FA20_W0W61J5PQMDK";7;3;2;5;3;5;1;3;3;2;3;4;4;2;4;1;2;5;3;4;5;3;2;4
"FA20_W5766ZPSUH70";5;2;5;2;3;2;4;4;3;3;3;3;2;3;2;2;4;2;4;1;2;2;2;2
"FA20_W675IYGP9DUX";5;4;4;6;4;4;2;3;3;3;4;3;4;2;3;2;4;5;1;3;1;2;1;1
"FA20_W6CRYXBRSMQF";7;5;6;5;5;6;2;3;4;2;4;4;4;2;4;1;2;4;2;3;1;2;3;4
"FA20_W81JTJA5XB6L";2;7;7;7;7;7;4;4;4;2;4;3;4;1;4;1;2;5;2;4;3;3;5;5
"FA20_WBFWJ4BM466K";6;2;3;3;5;2;3;3;3;3;3;3;3;3;3;3;3;3;3;2;1;3;3;3
"FA20_WC5C26ILFFXL";7;1;1;1;4;1;3;1;2;4;2;3;2;4;1;4;5;2;5;2;1;1;1;3
"FA20_WHBO60WCG8VC";6;2;2;3;5;2;3;3;3;3;3;2;3;3;3;1;5;3;2;1;1;2;2;3
"FA20_WJNJIEMHD59P";6;5;6;4;4;3;4;2;3;3;3;3;3;4;2;4;4;3;4;2;2;2;1;2
"FA20_WNNAGDOJ5031";7;5;3;5;5;2;3;3;3;3;3;2;4;3;4;3;4;2;5;3;2;1;1;1
"FA20_WOJYC7TJIHF5";4;3;4;5;4;5;3;3;4;1;4;4;4;1;4;1;3;5;3;5;4;2;3;3
"FA20_WQJ6SX9H2BE7";6;2;5;6;6;3;3;3;4;3;4;3;3;3;3;1;4;5;2;3;1;2;2;2
"FA20_WQPOFOXS0KC3";3;5;5;6;6;6;2;2;3;2;4;3;3;2;4;1;3;4;2;3;3;1;2;3
"FA20_WSWXL0GF9XJJ";1;3;4;5;6;3;3;4;3;3;3;3;3;3;3;2;3;3;3;4;3;2;3;4
"FA20_WSZ3527JAZO2";7;5;5;6;6;3;2;3;4;3;4;4;4;3;3;3;3;5;2;4;3;3;2;2
"FA20_WT2MV216U4QI";6;4;3;5;5;6;3;4;4;3;4;4;4;2;4;1;3;4;2;5;3;3;2;4
"FA20_WTYGKCZ9R79K";3;3;4;4;5;6;4;2;3;4;2;3;3;3;2;2;3;2;3;4;4;2;3;4
"FA20_WUWSHJYLBMD7";5;6;6;6;6;6;2;3;4;3;4;3;3;2;3;1;2;5;2;5;4;2;3;4
"FA20_WVNXXLZW4ESR";6;2;2;2;2;5;4;2;2;3;3;2;2;4;1;2;2;2;4;2;3;2;4;4
"FA20_WYYFZS62X2NX";6;3;4;5;5;3;2;3;3;2;3;3;3;2;2;1;2;4;2;3;3;2;2;2
"FA20_X1J6WCQXQWOM";3;5;6;6;7;7;4;2;2;4;2;2;2;4;3;3;4;1;5;1;4;2;3;3
"FA20_X1JKELBHX5DB";3;4;4;3;4;5;2;3;3;3;2;3;3;4;2;3;3;3;3;3;3;3;3;3
"FA20_X1M08M2DCRCO";7;2;5;4;3;6;1;3;3;3;3;3;4;2;3;2;5;4;3;4;4;5;3;3
"FA20_X1WH82CHGN9W";5;2;3;4;3;1;1;4;4;2;4;2;2;2;4;1;5;3;4;2;2;3;2;1
"FA20_X2VOVPPGLPXB";6;6;7;7;7;6;2;4;4;2;4;4;4;1;4;1;4;4;2;2;2;2;1;3
"FA20_X506K8TIQDB6";6;3;3;2;2;2;3;3;4;3;4;4;4;3;4;2;4;4;3;4;2;3;2;2
"FA20_X6CT6KPD3MYT";5;5;5;7;5;6;3;3;4;3;4;3;3;2;3;1;1;5;2;4;5;2;2;3
"FA20_X86SIWLQ6H8Z";4;5;6;6;5;4;4;3;3;4;2;3;2;4;3;2;3;2;3;3;2;2;2;3
"FA20_XCBEPWK0A4NW";4;3;3;4;4;4;3;3;3;4;3;3;3;3;3;3;3;3;2;3;4;3;3;3
"FA20_XDDXEBDSIFRS";5;5;5;5;6;6;2;3;4;3;4;3;4;2;3;3;4;3;1;2;3;3;2;3
"FA20_XDEGI4GDHWQ7";6;3;3;5;6;2;3;4;4;3;4;4;3;3;3;1;3;5;1;3;4;1;2;3
"FA20_XGG0Z7RAZO4E";4;4;3;3;6;4;4;4;4;2;4;4;4;2;4;3;3;2;4;2;2;3;1;3
"FA20_XGPBVBAB2QRH";6;4;7;4;4;7;3;4;4;2;4;3;3;3;3;1;3;3;1;2;5;2;3;2
"FA20_XGX61VQAWMSV";3;6;7;7;7;7;4;3;3;3;3;3;3;4;3;1;3;5;2;4;2;3;2;2
"FA20_XH49Y8HW414C";6;6;5;6;6;5;3;2;3;3;4;3;3;4;3;2;3;3;2;2;2;3;3;3
"FA20_XHJHO6E7M84Y";4;6;7;7;2;7;2;4;4;1;3;3;3;2;4;1;1;5;1;5;4;3;3;1
"FA20_XJ4HDRW4ZIND";6;3;2;3;3;4;3;3;3;3;3;3;3;3;3;3;3;3;3;2;2;2;2;2
"FA20_XLSQXGMKLDYT";5;6;5;7;6;7;2;3;4;2;4;3;3;2;3;2;3;4;1;4;3;1;1;3
"FA20_XLX1V6SZ8A2N";5;5;5;6;5;3;3;3;3;4;3;2;3;3;3;1;3;4;2;3;3;3;2;3
"FA20_XLXPGAPJBBOP";4;6;7;7;5;4;2;4;4;1;4;4;4;1;4;1;2;5;1;5;5;2;1;3
"FA20_XLYKUEBMSTJR";5;7;7;7;5;7;2;3;3;2;4;2;3;3;2;1;2;5;1;4;4;3;3;3
"FA20_XNHLT9I4IK0N";6;6;6;6;6;5;2;4;4;2;4;4;4;2;4;1;2;5;2;2;4;2;2;1
"FA20_XO7ADHXBWXAE";5;2;2;2;2;1;3;2;2;3;2;2;2;3;2;3;4;2;3;2;2;2;2;3
"FA20_XOM4Z3SADM9M";6;5;6;5;6;4;3;3;4;3;4;3;3;4;4;1;3;4;2;2;2;3;3;4
"FA20_XP1SP93E5QZE";2;6;7;6;4;6;1;2;3;1;3;1;2;3;1;2;2;3;4;3;3;2;2;2
"FA20_XRFGPUONTR9S";2;3;2;4;4;2;4;2;3;4;2;3;2;4;2;4;5;3;3;4;3;2;3;3
"FA20_XRLE8WIMV9R6";5;5;6;5;6;3;4;3;3;4;3;3;3;4;3;2;5;3;4;2;2;4;2;1
"FA20_XTHSKFRXY92Q";6;5;5;5;6;5;2;3;4;2;4;3;4;2;4;1;3;3;3;3;2;2;1;3
"FA20_XUXWMQKTU87A";4;4;5;3;6;6;3;4;2;3;3;3;4;3;3;2;3;3;5;3;2;2;2;1
"FA20_XVE70MN55RU4";4;6;6;6;6;5;2;4;3;2;4;4;4;2;4;2;2;4;2;3;3;2;3;3
"FA20_XW3FKT2J7NIN";7;2;4;3;5;2;3;2;4;2;4;3;4;3;4;3;4;4;2;2;3;1;2;1
"FA20_XZX7ZXXEVZ8D";6;6;6;6;6;5;1;4;4;2;4;4;4;2;4;1;3;4;1;4;2;2;2;2
"FA20_Y3K11EY3RYBP";4;7;7;7;7;6;3;4;4;3;4;4;3;3;4;3;5;5;3;4;5;2;1;3
"FA20_Y3MXNS1BK9S6";1;4;5;6;6;5;3;3;4;3;4;3;3;3;3;2;3;3;4;4;3;2;3;3
"FA20_Y403P4X0QGOL";4;6;6;6;6;6;3;3;4;3;4;4;4;2;4;1;3;4;2;4;4;2;1;3
"FA20_Y9BK33C7GTZR";5;2;5;2;3;1;3;3;4;3;4;3;2;3;2;3;3;2;2;2;4;3;2;2
"FA20_YB5GDW2U2YLE";6;3;5;3;6;2;3;3;4;3;3;4;3;3;4;1;4;3;4;3;2;2;1;2
"FA20_YBFVOTG25O6M";3;4;4;5;4;5;2;4;4;3;4;4;4;2;4;1;3;3;3;3;3;1;3;4
"FA20_YCHHA7S0OAN9";5;5;6;5;4;6;1;4;4;2;4;4;3;1;4;3;5;2;4;2;1;1;3;3
"FA20_YD85N4YTH6UL";3;6;6;6;5;5;2;4;4;2;4;4;4;2;4;2;4;4;3;4;4;1;3;4
"FA20_YFFCPFCZLF1F";NA;6;6;6;5;7;3;2;3;3;3;2;3;3;2;1;3;4;1;2;4;2;2;2
"FA20_YGSN9WZEK36T";6;4;6;6;5;5;4;4;3;3;3;3;3;3;3;3;3;4;2;3;4;3;3;3
"FA20_YH6TC730JPDR";5;5;6;5;5;6;2;3;3;3;4;3;4;3;3;1;2;3;2;2;3;2;3;2
"FA20_YI7U1WC6W3KB";7;1;5;1;1;1;4;1;2;1;2;1;1;4;1;5;5;1;5;1;2;3;2;1
"FA20_YJ0T69391SLJ";4;3;5;5;3;4;3;4;3;3;4;4;2;3;2;2;5;4;2;3;3;2;3;1
"FA20_YJXBKGRGH4UH";5;3;4;5;3;4;3;3;3;4;3;3;3;4;2;1;5;4;3;3;2;2;2;3
"FA20_YKGDKD5JWGUZ";3;6;6;5;3;5;3;3;4;2;4;3;3;2;4;1;3;5;2;3;3;2;3;4
"FA20_YNPBSU5A6LEE";5;6;6;6;6;6;3;3;3;3;3;3;3;3;3;2;2;3;2;3;2;2;2;2
"FA20_YP8K6UUH6GG9";5;2;5;6;6;3;4;3;4;3;4;4;4;3;4;1;3;4;4;3;3;2;2;2
"FA20_YQA18WPZWDPU";3;5;6;6;6;6;2;4;4;2;4;4;4;2;3;1;3;5;2;5;3;2;3;4
"FA20_YSRORGUAHHGV";6;2;2;3;3;1;3;2;3;2;3;3;3;3;3;2;5;3;4;2;2;3;2;2
"FA20_YTZO652BAGUS";3;4;4;4;4;4;3;3;3;3;3;3;3;3;3;2;2;2;2;2;2;3;3;3
"FA20_YUL0I2HTDZMM";NA;6;5;6;7;7;2;4;4;2;3;3;4;1;4;1;2;4;2;5;2;NA;NA;NA
"FA20_YVZR82U09FFN";4;4;6;5;4;4;2;4;4;2;4;3;4;2;4;2;3;5;2;5;5;2;3;2
"FA20_YWYYTM03PR4C";2;2;5;3;6;3;2;3;3;2;4;3;3;3;4;1;2;5;2;3;3;3;2;2
"FA20_YX0THXMD4YZE";5;2;4;6;6;5;3;4;4;2;3;3;3;3;3;1;3;5;3;5;3;3;2;1
"FA20_YX1XWI9W88BS";6;3;5;3;2;2;3;2;2;3;2;3;2;3;2;2;2;4;2;4;5;1;1;4
"FA20_YXAT3DZZVNMI";4;6;6;6;6;5;2;4;4;2;4;3;3;2;4;1;1;5;1;5;5;1;2;1
"FA20_YYA6V8G6KV9T";4;4;4;5;2;3;3;3;3;3;3;3;3;3;3;2;5;2;4;2;3;2;1;1
"FA20_YYGO1WLY7V5S";4;4;4;5;5;3;2;3;3;3;3;3;3;2;4;1;3;2;4;3;2;4;2;4
"FA20_YZVDHG7HO3CG";6;4;3;4;3;3;1;4;3;3;3;3;3;3;3;2;3;3;4;2;2;2;3;2
"FA20_Z245GEUS8K3F";4;5;6;6;6;3;2;3;3;3;3;4;4;3;3;1;3;4;1;4;3;2;2;3
"FA20_Z57FVILT30GW";4;6;7;6;5;4;2;4;4;2;4;4;4;1;4;1;3;4;2;4;3;2;2;3
"FA20_Z5O8Y2QIHRBS";4;3;6;6;5;6;2;3;3;2;3;2;3;2;2;4;4;4;2;3;4;3;3;3
"FA20_Z6DVYXONQR65";5;2;2;2;2;1;4;2;2;4;3;2;2;4;2;3;4;2;2;2;3;1;3;2
"FA20_Z6I75WGPHILK";6;5;4;5;6;6;4;3;2;2;2;2;2;3;3;1;4;2;3;2;2;2;2;3
"FA20_Z6LPHLEK70GT";4;5;5;6;3;4;2;3;4;2;3;3;3;2;4;1;1;4;2;4;4;3;2;3
"FA20_Z7Z49R098EMB";NA;NA;NA;NA;NA;NA;NA;NA;NA;NA;NA;NA;NA;NA;NA;NA;NA;NA;NA;NA;NA;NA;NA;NA
"FA20_ZB850Z4HGF1M";5;2;6;4;2;2;4;3;3;2;4;3;3;4;2;3;5;2;5;2;4;1;3;2
"FA20_ZE7N74JP3LHT";5;3;2;3;5;6;3;2;4;3;4;2;3;4;4;4;4;1;3;1;2;2;4;2
"FA20_ZEIUC854BCK9";5;2;2;2;2;2;4;3;2;2;2;2;2;4;3;2;4;2;4;2;3;3;3;2
"FA20_ZG1OU8FF8MKT";5;6;6;6;6;6;2;4;4;2;4;3;3;1;3;1;1;4;1;4;3;2;2;3
"FA20_ZH7MNR8O65ZS";6;5;7;5;5;5;4;4;4;2;4;3;3;3;3;1;2;4;2;4;3;1;1;1
"FA20_ZI1NFLWM60V7";6;5;5;5;4;3;1;4;4;1;4;4;4;1;4;1;1;5;1;4;3;2;2;2
"FA20_ZIIE44702YIB";6;5;6;6;5;5;3;3;4;3;4;4;3;3;4;3;5;3;3;4;2;3;3;4
"FA20_ZIN7F8ZO0LGP";5;3;3;3;5;3;2;3;2;3;3;2;2;2;2;3;3;3;3;3;3;2;2;2
"FA20_ZIULPFSCQ7JQ";7;7;7;7;7;7;1;4;4;1;4;4;4;1;4;1;1;5;1;5;4;4;5;5
"FA20_ZJ7URW95MHSO";6;2;4;3;1;6;4;4;4;3;4;4;3;4;3;2;5;2;4;1;2;4;1;2
"FA20_ZKIB2UKPDQF9";3;1;1;1;1;1;4;2;2;4;3;3;2;4;2;3;5;2;5;3;1;4;2;2
"FA20_ZKM0N71BHB1W";5;5;4;6;5;3;3;3;4;3;3;2;3;2;3;2;2;5;3;4;3;2;3;3
"FA20_ZLVB252IJ85Q";3;5;6;6;6;3;2;2;3;2;2;2;2;1;3;1;1;2;2;1;1;3;4;2
"FA20_ZMGS8WCKIZH0";4;5;6;6;6;5;2;3;4;2;4;3;3;2;3;2;3;4;2;4;3;2;2;4
"FA20_ZNFHUXCN0MSC";5;2;5;3;5;2;3;3;2;4;2;2;4;2;2;2;4;3;2;3;2;3;2;2
"FA20_ZO958V6LRJ0B";4;7;7;7;7;6;1;4;3;1;3;4;4;1;4;2;3;5;1;5;3;2;2;3
"FA20_ZP4MCKROCS9O";6;5;3;5;5;3;3;2;3;2;3;2;2;3;4;1;3;4;2;3;2;3;1;1
"FA20_ZPPOMJW4DPE3";7;3;5;3;5;5;4;3;4;3;4;2;2;3;3;3;4;4;2;2;2;2;3;3
"FA20_ZPSLF94XFJAZ";4;6;6;6;7;5;2;4;4;3;4;3;4;3;3;2;3;4;3;4;2;3;3;3
"FA20_ZROLUEW2DL37";6;4;4;4;4;6;3;3;3;3;3;3;2;3;2;1;1;3;1;3;4;2;2;3
"FA20_ZUP1QYKBDY1H";NA;NA;NA;NA;NA;NA;NA;NA;NA;NA;NA;NA;NA;NA;NA;NA;NA;NA;NA;NA;NA;NA;NA;NA
"FA20_ZUUPXUCZW9VC";7;2;2;2;2;2;4;3;2;4;2;3;3;4;3;2;5;3;5;3;1;2;3;2
"FA20_ZWPI5SD7VWHT";4;7;7;7;7;3;4;4;4;4;4;4;4;4;3;1;4;5;1;3;5;2;3;3
"FA20_ZXMGFXRJ86QB";2;5;5;5;5;2;2;3;4;2;4;4;4;1;4;2;2;4;2;3;4;1;3;2
"FA20_ZXTY08QSXG5X";5;4;6;6;5;2;2;4;4;2;4;4;3;3;4;3;4;4;2;4;4;1;2;2
"FA20_ZZMUG0C6COT4";5;5;6;6;6;5;3;3;3;2;3;3;3;2;3;2;3;4;2;4;3;1;3;3
